ligand_id,is_known_active,enopt_decoy_score,enopt_decoy_rank,molecule_chembl_id,best_pchembl,n_measurements,n_strong,types,documented_strong
CHEMBL22221,0,0.7749416,972,,,0,0,,False
CHEMBL443886,0,0.07975113,23404,,,0,0,,False
CHEMBL4436561,0,0.40166625,9183,,,0,0,,False
CHEMBL16781,0,0.21453696,14975,,,0,0,,False
CHEMBL25816,0,0.24317296,13730,,,0,0,,False
CHEMBL6893,0,0.39730105,9287,,,0,0,,False
CHEMBL34687,0,0.58306766,4556,,,0,0,,False
CHEMBL24881,0,0.43925706,8128,,,0,0,,False
CHEMBL7529,0,0.14754882,18691,,,0,0,,False
CHEMBL39846,0,0.18211275,16565,,,0,0,,False
CHEMBL3310047,0,0.06850059,24161,,,0,0,,False
CHEMBL34453,0,0.013173661,29592,,,0,0,,False
CHEMBL8141,0,0.016306171,28316,,,0,0,,False
CHEMBL24400,0,0.26160103,13076,,,0,0,,False
CHEMBL10259,0,0.08466891,22812,,,0,0,,False
CHEMBL6486,0,0.4544218,7870,,,0,0,,False
CHEMBL36969,0,0.5919037,4375,,,0,0,,False
CHEMBL7576,0,0.11710788,20619,,,0,0,,False
CHEMBL602115,0,0.30466402,11743,,,0,0,,False
CHEMBL12459,0,0.5059741,6683,,,0,0,,False
CHEMBL23668,0,0.15637195,17935,,,0,0,,False
CHEMBL18936,0,0.03939796,26542,,,0,0,,False
CHEMBL10303,0,0.22741032,14340,,,0,0,,False
CHEMBL19325,0,0.58409464,4538,,,0,0,,False
CHEMBL36622,0,0.31840804,11335,,,0,0,,False
CHEMBL27429,0,0.07978066,23403,,,0,0,,False
CHEMBL31943,0,0.1699977,17066,,,0,0,,False
CHEMBL21657,0,0.45355737,7908,,,0,0,,False
CHEMBL35229,0,0.30883375,11577,,,0,0,,False
CHEMBL36310,0,0.06526883,24533,,,0,0,,False
CHEMBL4435931,0,0.34190798,10671,,,0,0,,False
CHEMBL30414,0,0.69617116,2254,,,0,0,,False
CHEMBL18138,0,0.6549077,2981,,,0,0,,False
CHEMBL19777,0,0.3199042,11300,,,0,0,,False
CHEMBL33451,0,0.72571105,1667,,,0,0,,False
CHEMBL4553671,0,0.13488393,19308,,,0,0,,False
CHEMBL7796,0,0.1699977,17067,,,0,0,,False
CHEMBL4435987,0,0.1841418,16465,,,0,0,,False
CHEMBL3311063,0,0.34190798,10759,,,0,0,,False
CHEMBL21504,0,0.53408164,5948,,,0,0,,False
CHEMBL19948,0,0.15277958,18131,,,0,0,,False
CHEMBL17165,0,0.06689841,24366,,,0,0,,False
CHEMBL4435905,0,0.61897844,3729,,,0,0,,False
CHEMBL29920,0,0.1841418,16483,,,0,0,,False
CHEMBL12707,0,0.52558005,6243,,,0,0,,False
CHEMBL20711,0,0.72566456,1674,,,0,0,,False
CHEMBL3309919,0,0.15277958,18146,,,0,0,,False
CHEMBL21394,0,0.27140376,12626,,,0,0,,False
CHEMBL4543174,0,0.6887358,2501,,,0,0,,False
CHEMBL4435253,0,0.69617116,2192,,,0,0,,False
CHEMBL4553570,0,0.013173661,29440,,,0,0,,False
CHEMBL35544,0,0.27140376,12536,,,0,0,,False
CHEMBL31098,0,0.43393117,8382,,,0,0,,False
CHEMBL13739,0,0.20255966,15517,,,0,0,,False
CHEMBL9002,0,0.3398676,10807,,,0,0,,False
CHEMBL26555,0,0.22787383,14317,,,0,0,,False
CHEMBL14526,0,0.81637543,483,,,0,0,,False
CHEMBL8916,0,0.5529501,5553,,,0,0,,False
CHEMBL4435795,0,0.3420873,10556,,,0,0,,False
CHEMBL16113,0,0.3137487,11438,,,0,0,,False
CHEMBL34597,0,0.08030702,23356,,,0,0,,False
CHEMBL41386,0,0.17157838,16930,,,0,0,,False
CHEMBL503814,0,0.31205735,11487,,,0,0,,False
CHEMBL611733,0,0.049146395,25453,,,0,0,,False
CHEMBL20688,0,0.3757035,9746,,,0,0,,False
CHEMBL30259,0,0.025523327,27425,,,0,0,,False
CHEMBL16951,0,0.42393437,8717,,,0,0,,False
CHEMBL36551,0,0.64758265,3134,,,0,0,,False
CHEMBL25035,0,0.09308922,22126,,,0,0,,False
CHEMBL32757,0,0.25385427,13442,,,0,0,,False
CHEMBL28029,0,0.20180431,15606,,,0,0,,False
CHEMBL39995,0,0.082717404,23246,,,0,0,,False
CHEMBL36777,0,0.22219256,14560,,,0,0,,False
CHEMBL26389,0,0.1265782,19821,,,0,0,,False
CHEMBL37305,0,0.20716979,15323,,,0,0,,False
CHEMBL40372,0,0.013173661,29613,,,0,0,,False
CHEMBL27834,0,0.06689841,24384,,,0,0,,False
CHEMBL28688,0,0.5529501,5501,,,0,0,,False
CHEMBL16945,0,0.2563523,13313,,,0,0,,False
CHEMBL29571,0,0.032016736,26965,,,0,0,,False
CHEMBL38788,0,0.17448844,16830,,,0,0,,False
CHEMBL7127,0,0.34190798,10737,,,0,0,,False
CHEMBL4116087,0,0.31942558,11312,,,0,0,,False
CHEMBL24893,0,0.051444042,25279,,,0,0,,False
CHEMBL32113,0,0.12129469,20267,,,0,0,,False
CHEMBL28643,0,0.13049103,19554,,,0,0,,False
CHEMBL34960,0,0.040353082,26423,,,0,0,,False
CHEMBL16692,0,0.1331817,19397,,,0,0,,False
CHEMBL7113,0,0.7001222,2023,,,0,0,,False
CHEMBL37920,0,0.025221808,27437,,,0,0,,False
CHEMBL3310412,0,0.041548852,26299,,,0,0,,False
CHEMBL27720,0,0.117590904,20561,,,0,0,,False
CHEMBL40024,0,0.14742698,18707,,,0,0,,False
CHEMBL26925,0,0.01548332,28430,,,0,0,,False
CHEMBL567,0,0.20255966,15542,CHEMBL567,5.56,1,0,IC50,False
CHEMBL3310641,0,0.25132525,13493,,,0,0,,False
CHEMBL25152,0,0.6476966,3128,,,0,0,,False
CHEMBL6834,0,0.079784654,23395,,,0,0,,False
CHEMBL7228,0,0.13568343,19286,,,0,0,,False
CHEMBL18471,0,0.766723,1091,,,0,0,,False
CHEMBL33065,0,0.016494602,28305,,,0,0,,False
CHEMBL33731,0,0.2676389,12861,,,0,0,,False
CHEMBL12341,0,0.020403916,27944,,,0,0,,False
CHEMBL15164,0,0.058449216,24857,,,0,0,,False
CHEMBL38359,0,0.30005062,11879,,,0,0,,False
CHEMBL42618,0,0.64344364,3227,,,0,0,,False
CHEMBL4435336,0,0.20869221,15189,,,0,0,,False
CHEMBL11850,0,0.51170415,6571,,,0,0,,False
CHEMBL17285,0,0.0977404,21765,,,0,0,,False
CHEMBL31727,0,0.029566573,27185,,,0,0,,False
CHEMBL36216,0,0.0628272,24655,,,0,0,,False
CHEMBL9766,0,0.14512143,18774,,,0,0,,False
CHEMBL36584,0,0.15778802,17864,,,0,0,,False
CHEMBL28133,0,0.4896482,6915,,,0,0,,False
CHEMBL1163383,0,0.5353631,5928,,,0,0,,False
CHEMBL39041,0,0.06850059,24186,,,0,0,,False
CHEMBL3311245,0,0.040057816,26440,,,0,0,,False
CHEMBL20435,0,0.15778802,17838,,,0,0,,False
CHEMBL3310357,0,0.6115208,4002,,,0,0,,False
CHEMBL40303,0,0.47153264,7237,,,0,0,,False
CHEMBL30309,0,0.21137223,15063,,,0,0,,False
CHEMBL7257,0,0.0282139,27290,,,0,0,,False
CHEMBL3309638,0,0.6102252,4032,,,0,0,,False
CHEMBL24361,0,0.52074665,6355,,,0,0,,False
CHEMBL29733,0,0.66407555,2861,,,0,0,,False
CHEMBL25500,0,0.35559642,10230,,,0,0,,False
CHEMBL32865,0,0.5846953,4520,,,0,0,,False
CHEMBL1162109,0,0.20216268,15579,,,0,0,,False
CHEMBL33754,0,0.013666068,29258,,,0,0,,False
CHEMBL27339,0,0.033044755,26852,,,0,0,,False
CHEMBL4553697,0,0.31062314,11510,,,0,0,,False
CHEMBL22550,0,0.29112843,12092,,,0,0,,False
CHEMBL35988,0,0.5107496,6598,,,0,0,,False
CHEMBL36651,0,0.22928008,14259,,,0,0,,False
CHEMBL33649,0,0.40075788,9215,,,0,0,,False
CHEMBL27038,0,0.46559715,7569,,,0,0,,False
CHEMBL26262,0,0.30943993,11567,,,0,0,,False
CHEMBL4436573,0,0.013666068,28829,,,0,0,,False
CHEMBL42960,0,0.23053561,14221,,,0,0,,False
CHEMBL3310055,0,0.69506663,2425,,,0,0,,False
CHEMBL4435829,0,0.09261696,22143,,,0,0,,False
CHEMBL3310706,0,0.4878888,6931,,,0,0,,False
CHEMBL4559944,0,0.36428323,10045,,,0,0,,False
CHEMBL19613,0,0.046097193,25875,,,0,0,,False
CHEMBL23655,0,0.048331752,25639,,,0,0,,False
CHEMBL33587,0,0.013666068,29240,,,0,0,,False
CHEMBL41107,0,0.15277958,18169,,,0,0,,False
CHEMBL3309996,0,0.6069621,4134,,,0,0,,False
CHEMBL36253,0,0.05165739,25263,,,0,0,,False
CHEMBL41081,0,0.13075688,19539,,,0,0,,False
CHEMBL33642,0,0.19399515,16013,,,0,0,,False
CHEMBL25174,0,0.16847016,17158,,,0,0,,False
CHEMBL18961,0,0.12157985,20234,,,0,0,,False
CHEMBL15135,0,0.1487597,18616,,,0,0,,False
CHEMBL3309520,0,0.044416573,26077,,,0,0,,False
CHEMBL819,0,0.21163335,15054,,,0,0,,False
CHEMBL32493,0,0.8220401,421,,,0,0,,False
CHEMBL23932,0,0.16542308,17327,,,0,0,,False
CHEMBL40673,0,0.08876982,22358,,,0,0,,False
CHEMBL28406,0,0.18458082,16410,,,0,0,,False
CHEMBL28584,0,0.22567709,14425,,,0,0,,False
CHEMBL15754,0,0.13625257,19249,,,0,0,,False
CHEMBL29126,0,0.31049967,11526,,,0,0,,False
CHEMBL21825,0,0.023725947,27561,,,0,0,,False
CHEMBL22150,0,0.58306766,4698,,,0,0,,False
CHEMBL13188,0,0.39627057,9337,,,0,0,,False
CHEMBL9237,0,0.24895594,13565,,,0,0,,False
CHEMBL32740,0,0.7509599,1308,,,0,0,,False
CHEMBL34209,0,0.12295956,20102,,,0,0,,False
CHEMBL10647,0,0.04839891,25590,,,0,0,,False
CHEMBL34879,0,0.013666068,28755,,,0,0,,False
CHEMBL31977,0,0.6273317,3484,,,0,0,,False
CHEMBL6996,0,0.29950437,11899,,,0,0,,False
CHEMBL18022,0,0.020767817,27908,,,0,0,,False
CHEMBL4553647,0,0.39535782,9347,,,0,0,,False
CHEMBL22138,0,0.7284554,1629,,,0,0,,False
CHEMBL1077095,0,0.06689841,24369,,,0,0,,False
CHEMBL35318,0,0.020797763,27902,,,0,0,,False
CHEMBL19241,0,0.10744866,21143,,,0,0,,False
CHEMBL13474,0,0.15802826,17808,,,0,0,,False
CHEMBL18520,0,0.66750747,2828,,,0,0,,False
CHEMBL34119,0,0.07491277,23701,,,0,0,,False
CHEMBL11336,0,0.32492355,11158,,,0,0,,False
CHEMBL34221,0,0.20858218,15220,,,0,0,,False
CHEMBL41021,0,0.53004885,6168,,,0,0,,False
CHEMBL19335,0,0.28293738,12294,,,0,0,,False
CHEMBL11469,0,0.29670113,11961,,,0,0,,False
CHEMBL37306,0,0.14185111,18945,,,0,0,,False
CHEMBL1084425,0,0.24202937,13774,,,0,0,,False
CHEMBL41637,0,0.20714556,15357,,,0,0,,False
CHEMBL40371,0,0.26160103,13116,,,0,0,,False
CHEMBL41194,0,0.42559615,8693,,,0,0,,False
CHEMBL8647,0,0.46046096,7743,,,0,0,,False
CHEMBL14483,0,0.40746245,9009,,,0,0,,False
CHEMBL25042,0,0.22219256,14557,,,0,0,,False
CHEMBL35581,0,0.013173661,29387,,,0,0,,False
CHEMBL31,0,0.1311981,19495,,,0,0,,False
CHEMBL36717,0,0.82024306,454,,,0,0,,False
CHEMBL24054,0,0.07865235,23500,,,0,0,,False
CHEMBL7307,0,0.17193002,16903,,,0,0,,False
CHEMBL10591,0,0.50551707,6698,,,0,0,,False
CHEMBL6230,0,0.5394994,5847,,,0,0,,False
CHEMBL13164,0,0.1470071,18725,,,0,0,,False
CHEMBL16581,0,0.5078168,6661,,,0,0,,False
CHEMBL24880,0,0.36929786,9851,,,0,0,,False
CHEMBL31059,0,0.46421087,7685,,,0,0,,False
CHEMBL9517,0,0.06732676,24288,,,0,0,,False
CHEMBL24765,0,0.5529501,5439,,,0,0,,False
CHEMBL26694,0,0.20716979,15271,,,0,0,,False
CHEMBL10268,0,0.23241238,14177,,,0,0,,False
CHEMBL38255,0,0.1747425,16804,,,0,0,,False
CHEMBL724,0,0.013666068,28531,,,0,0,,False
CHEMBL6555,0,0.1841418,16505,,,0,0,,False
CHEMBL35855,0,0.08359624,23051,,,0,0,,False
CHEMBL12662,0,0.573837,4981,,,0,0,,False
CHEMBL3311361,0,0.13668595,19224,,,0,0,,False
CHEMBL20141,0,0.2807517,12327,,,0,0,,False
CHEMBL19751,0,0.12831505,19710,,,0,0,,False
CHEMBL1163395,0,0.057226047,24919,,,0,0,,False
CHEMBL22089,0,0.013666068,28615,,,0,0,,False
CHEMBL30317,0,0.16542308,17356,,,0,0,,False
CHEMBL31862,0,0.03326483,26841,,,0,0,,False
CHEMBL42106,0,0.43468732,8333,,,0,0,,False
CHEMBL33134,0,0.013666068,28851,,,0,0,,False
CHEMBL24088,0,0.018252892,28026,,,0,0,,False
CHEMBL3347320,0,0.17197987,16900,,,0,0,,False
CHEMBL13883,0,0.013666068,28933,,,0,0,,False
CHEMBL6835,0,0.038291134,26612,,,0,0,,False
CHEMBL26147,0,0.09031487,22278,,,0,0,,False
CHEMBL21515,0,0.6176251,3810,,,0,0,,False
CHEMBL39311,0,0.6629981,2891,,,0,0,,False
CHEMBL33122,0,0.20522103,15392,,,0,0,,False
CHEMBL37747,0,0.3005634,11849,,,0,0,,False
CHEMBL3309449,0,0.14674763,18730,,,0,0,,False
CHEMBL23936,0,0.10772548,21118,,,0,0,,False
CHEMBL18872,0,0.1915228,16158,,,0,0,,False
CHEMBL6377,0,0.03219344,26920,,,0,0,,False
CHEMBL16929,0,0.64344364,3254,,,0,0,,False
CHEMBL34983,0,0.072496094,23859,,,0,0,,False
CHEMBL31836,0,0.048331752,25691,,,0,0,,False
CHEMBL17636,0,0.32220253,11228,,,0,0,,False
CHEMBL3309792,0,0.38176715,9625,,,0,0,,False
CHEMBL24312,0,0.31124127,11497,,,0,0,,False
CHEMBL39096,0,0.13825183,19112,,,0,0,,False
CHEMBL777,0,0.013666068,28667,,,0,0,,False
CHEMBL39656,0,0.39037836,9433,,,0,0,,False
CHEMBL29697,0,0.36869842,9910,,,0,0,,False
CHEMBL39511,0,0.46559715,7606,,,0,0,,False
CHEMBL18462,0,0.20716979,15320,,,0,0,,False
CHEMBL28422,0,0.37862545,9703,,,0,0,,False
CHEMBL12190,0,0.41385606,8920,,,0,0,,False
CHEMBL7466,0,0.25132525,13503,,,0,0,,False
CHEMBL14181,0,0.1930239,16104,,,0,0,,False
CHEMBL33253,0,0.504006,6748,,,0,0,,False
CHEMBL17432,0,0.04195912,26223,,,0,0,,False
CHEMBL1215485,0,0.06689841,24383,,,0,0,,False
CHEMBL8960,0,0.021994537,27657,,,0,0,,False
CHEMBL23677,0,0.013173661,29511,,,0,0,,False
CHEMBL10071,0,0.11746748,20571,,,0,0,,False
CHEMBL11552,0,0.19462363,15969,,,0,0,,False
CHEMBL34707,0,0.013666068,29186,,,0,0,,False
CHEMBL8700,0,0.3004425,11861,,,0,0,,False
CHEMBL1770963,0,0.0282139,27288,,,0,0,,False
CHEMBL40356,0,0.12864055,19687,,,0,0,,False
CHEMBL20211,0,0.123750545,20042,,,0,0,,False
CHEMBL36960,0,0.26804218,12782,,,0,0,,False
CHEMBL9986,0,0.48876002,6919,,,0,0,,False
CHEMBL574,0,0.023725947,27584,,,0,0,,False
CHEMBL23827,0,0.0845559,22941,,,0,0,,False
CHEMBL8042,0,0.58306766,4644,,,0,0,,False
CHEMBL21894,0,0.024602946,27490,,,0,0,,False
CHEMBL19603,0,0.32492355,11174,,,0,0,,False
CHEMBL25867,0,0.69396,2432,,,0,0,,False
CHEMBL37792,0,0.64532876,3187,,,0,0,,False
CHEMBL17316,0,0.2563523,13342,,,0,0,,False
CHEMBL14284,0,0.42378923,8721,,,0,0,,False
CHEMBL31779,0,0.056016512,25071,,,0,0,,False
CHEMBL37353,0,0.08879828,22349,,,0,0,,False
CHEMBL12592,0,0.16275127,17605,,,0,0,,False
CHEMBL28958,0,0.12101116,20277,,,0,0,,False
CHEMBL11251,0,0.30468294,11710,,,0,0,,False
CHEMBL12853,0,0.43925706,8123,,,0,0,,False
CHEMBL34212,0,0.09926473,21708,,,0,0,,False
CHEMBL9395,0,0.041517198,26301,,,0,0,,False
CHEMBL39980,0,0.06172243,24708,,,0,0,,False
CHEMBL7186,0,0.074588686,23712,,,0,0,,False
CHEMBL11876,0,0.020416047,27914,,,0,0,,False
CHEMBL6826,0,0.4328037,8484,,,0,0,,False
CHEMBL9025,0,0.11584479,20712,,,0,0,,False
CHEMBL35443,0,0.11687138,20635,,,0,0,,False
CHEMBL28715,0,0.21866149,14707,,,0,0,,False
CHEMBL1075638,0,0.25428525,13409,,,0,0,,False
CHEMBL27362,0,0.07640535,23649,,,0,0,,False
CHEMBL8129,0,0.6616576,2910,,,0,0,,False
CHEMBL446,0,0.58306766,4717,,,0,0,,False
CHEMBL17311,0,0.31914702,11318,,,0,0,,False
CHEMBL18316,0,0.17157838,16927,,,0,0,,False
CHEMBL11176,0,0.13462415,19327,,,0,0,,False
CHEMBL39190,0,0.75151604,1303,,,0,0,,False
CHEMBL24742,0,0.34190798,10643,,,0,0,,False
CHEMBL32766,0,0.07295637,23810,,,0,0,,False
CHEMBL6743,0,0.1841418,16482,,,0,0,,False
CHEMBL33611,0,0.08294921,23086,,,0,0,,False
CHEMBL17624,0,0.7234546,1700,,,0,0,,False
CHEMBL36946,0,0.02135242,27788,,,0,0,,False
CHEMBL28726,0,0.5454504,5744,,,0,0,,False
CHEMBL16078,0,0.19399373,16037,,,0,0,,False
CHEMBL604773,0,0.15835787,17797,,,0,0,,False
CHEMBL10489,0,0.024352975,27504,,,0,0,,False
CHEMBL3309700,0,0.1658368,17283,,,0,0,,False
CHEMBL27451,0,0.0228747,27626,,,0,0,,False
CHEMBL9217,0,0.06988835,24053,,,0,0,,False
CHEMBL22087,0,0.4247331,8702,,,0,0,,False
CHEMBL26166,0,0.5669452,5193,,,0,0,,False
CHEMBL16171,0,0.22625977,14391,,,0,0,,False
CHEMBL3310115,0,0.18246123,16551,,,0,0,,False
CHEMBL27404,0,0.67310745,2744,,,0,0,,False
CHEMBL13842,0,0.038973037,26563,,,0,0,,False
CHEMBL10983,0,0.21453696,14967,,,0,0,,False
CHEMBL39606,0,0.32365245,11197,,,0,0,,False
CHEMBL35729,0,0.46559715,7492,,,0,0,,False
CHEMBL41405,0,0.07922457,23461,,,0,0,,False
CHEMBL35568,0,0.052829288,25198,,,0,0,,False
CHEMBL4543517,0,0.08284763,23200,,,0,0,,False
CHEMBL42330,0,0.046861056,25830,,,0,0,,False
CHEMBL18037,0,0.72045493,1754,,,0,0,,False
CHEMBL29669,0,0.043213334,26149,,,0,0,,False
CHEMBL10875,0,0.69617116,2232,,,0,0,,False
CHEMBL20592,0,0.6919223,2447,,,0,0,,False
CHEMBL37905,0,0.26451904,12935,,,0,0,,False
CHEMBL15219,0,0.1968923,15866,,,0,0,,False
CHEMBL26114,0,0.056175437,25055,,,0,0,,False
CHEMBL15615,0,0.06647506,24409,,,0,0,,False
CHEMBL16608,0,0.018776167,27994,,,0,0,,False
CHEMBL23817,0,0.55102223,5670,,,0,0,,False
CHEMBL42778,0,0.40924627,8970,,,0,0,,False
CHEMBL6274,0,0.19011164,16197,,,0,0,,False
CHEMBL529450,0,0.12358332,20063,,,0,0,,False
CHEMBL33212,0,0.263756,12953,,,0,0,,False
CHEMBL9610,0,0.6169429,3922,,,0,0,,False
CHEMBL13287,0,0.0845559,22929,,,0,0,,False
CHEMBL4436000,0,0.61651206,3926,,,0,0,,False
CHEMBL7316,0,0.20255966,15520,,,0,0,,False
CHEMBL554554,0,0.029627152,27067,,,0,0,,False
CHEMBL10251,0,0.12590958,19881,,,0,0,,False
CHEMBL14874,0,0.6553391,2971,,,0,0,,False
CHEMBL26446,0,0.16303807,17595,,,0,0,,False
CHEMBL22447,0,0.1445521,18797,,,0,0,,False
CHEMBL24753,0,0.11876156,20486,,,0,0,,False
CHEMBL39900,0,0.04573194,25974,,,0,0,,False
CHEMBL16876,0,0.05090154,25307,,,0,0,,False
CHEMBL24627,0,0.3517416,10328,,,0,0,,False
CHEMBL502494,0,0.2400484,13832,,,0,0,,False
CHEMBL4553556,0,0.35819888,10192,,,0,0,,False
CHEMBL28435,0,0.07817206,23530,,,0,0,,False
CHEMBL3309424,0,0.29076767,12106,,,0,0,,False
CHEMBL13227,0,0.14879982,18605,,,0,0,,False
CHEMBL26407,0,0.66807336,2790,,,0,0,,False
CHEMBL35944,0,0.19962025,15728,,,0,0,,False
CHEMBL6579,0,0.041993678,26214,,,0,0,,False
CHEMBL39713,0,0.5848194,4517,,,0,0,,False
CHEMBL18408,0,0.098718375,21735,,,0,0,,False
CHEMBL34413,0,0.7375701,1505,,,0,0,,False
CHEMBL19379,0,0.10182982,21552,,,0,0,,False
CHEMBL35600,0,0.6579114,2945,,,0,0,,False
CHEMBL29122,0,0.41464096,8883,,,0,0,,False
CHEMBL30640,0,0.015242974,28468,,,0,0,,False
CHEMBL22483,0,0.25146523,13482,,,0,0,,False
CHEMBL10909,0,0.7454483,1355,,,0,0,,False
CHEMBL26300,0,0.110117786,20998,,,0,0,,False
CHEMBL22680,0,0.034114573,26804,,,0,0,,False
CHEMBL35200,0,0.029133258,27244,,,0,0,,False
CHEMBL34995,0,0.06474092,24557,,,0,0,,False
CHEMBL3311308,0,0.4987195,6800,,,0,0,,False
CHEMBL659,0,0.43925706,8150,,,0,0,,False
CHEMBL18749,0,0.08466891,22695,,,0,0,,False
CHEMBL6689,0,0.6500081,3083,,,0,0,,False
CHEMBL24222,0,0.08464564,22848,,,0,0,,False
CHEMBL28868,0,0.5544099,5398,,,0,0,,False
CHEMBL33379,0,0.1045459,21296,,,0,0,,False
CHEMBL23576,0,0.10376272,21315,,,0,0,,False
CHEMBL29581,0,0.39730105,9288,,,0,0,,False
CHEMBL3310705,0,0.118912,20477,,,0,0,,False
CHEMBL11354,0,0.027030494,27336,,,0,0,,False
CHEMBL20407,0,0.21531595,14925,,,0,0,,False
CHEMBL36888,0,0.09932169,21705,,,0,0,,False
CHEMBL34456,0,0.27140376,12669,,,0,0,,False
CHEMBL13077,0,0.329089,11016,,,0,0,,False
CHEMBL17304,0,0.4350791,8277,,,0,0,,False
CHEMBL31195,0,0.03487128,26745,,,0,0,,False
CHEMBL14665,0,0.56722635,5153,,,0,0,,False
CHEMBL37843,0,0.2917218,12053,,,0,0,,False
CHEMBL1163357,0,0.7260657,1644,,,0,0,,False
CHEMBL39371,0,0.7808457,851,,,0,0,,False
CHEMBL10972,0,0.7723489,1033,,,0,0,,False
CHEMBL19152,0,0.2562005,13364,,,0,0,,False
CHEMBL30403,0,0.22219256,14555,,,0,0,,False
CHEMBL41516,0,0.30724385,11609,,,0,0,,False
CHEMBL9040,0,0.22134623,14610,,,0,0,,False
CHEMBL22519,0,0.058449216,24861,,,0,0,,False
CHEMBL27107,0,0.1841418,16447,,,0,0,,False
CHEMBL17674,0,0.019966925,27971,,,0,0,,False
CHEMBL16909,0,0.30252972,11791,,,0,0,,False
CHEMBL28091,0,0.2872849,12207,,,0,0,,False
CHEMBL27391,0,0.7222994,1721,,,0,0,,False
CHEMBL23885,0,0.03998393,26478,,,0,0,,False
CHEMBL17571,0,0.7808457,831,,,0,0,,False
CHEMBL37538,0,0.29112455,12098,,,0,0,,False
CHEMBL30263,0,0.044064574,26092,,,0,0,,False
CHEMBL3310798,0,0.056933343,24986,,,0,0,,False
CHEMBL33434,0,0.36869842,9879,,,0,0,,False
CHEMBL38872,0,0.30427897,11748,,,0,0,,False
CHEMBL18063,0,0.14317635,18915,,,0,0,,False
CHEMBL19820,0,0.50405705,6741,,,0,0,,False
CHEMBL3309440,0,0.21903464,14682,,,0,0,,False
CHEMBL28192,0,0.013666068,29205,,,0,0,,False
CHEMBL4435777,0,0.69273394,2437,,,0,0,,False
CHEMBL13515,0,0.13930799,19077,,,0,0,,False
CHEMBL23308,0,0.1158048,20719,,,0,0,,False
CHEMBL33961,0,0.21331228,15035,,,0,0,,False
CHEMBL32400,0,0.50081235,6774,,,0,0,,False
CHEMBL42457,0,0.049962733,25388,,,0,0,,False
CHEMBL21112,0,0.0845559,22943,,,0,0,,False
CHEMBL1188857,0,0.024602946,27474,,,0,0,,False
CHEMBL15036,0,0.5947072,4314,,,0,0,,False
CHEMBL3310300,0,0.78944135,721,,,0,0,,False
CHEMBL4434961,0,0.259309,13197,,,0,0,,False
CHEMBL17180,0,0.19424039,16004,,,0,0,,False
CHEMBL34924,0,0.7772086,941,,,0,0,,False
CHEMBL13758,0,0.16067226,17670,,,0,0,,False
CHEMBL33172,0,0.68168765,2631,,,0,0,,False
CHEMBL28182,0,0.034468826,26776,,,0,0,,False
CHEMBL20088,0,0.062601596,24668,,,0,0,,False
CHEMBL19193,0,0.58306766,4575,,,0,0,,False
CHEMBL38512,0,0.07267084,23851,,,0,0,,False
CHEMBL1163548,0,0.052096732,25236,,,0,0,,False
CHEMBL36567,0,0.34882003,10358,,,0,0,,False
CHEMBL38864,0,0.0845559,22920,,,0,0,,False
CHEMBL43656,0,0.5518279,5648,,,0,0,,False
CHEMBL6843,0,0.2645967,12931,,,0,0,,False
CHEMBL4435755,0,0.118774354,20485,,,0,0,,False
CHEMBL27443,0,0.13842352,19106,,,0,0,,False
CHEMBL23712,0,0.15277958,18257,,,0,0,,False
CHEMBL27115,0,0.25494197,13399,,,0,0,,False
CHEMBL12361,0,0.27237433,12505,,,0,0,,False
CHEMBL16491,0,0.6714921,2766,,,0,0,,False
CHEMBL14621,0,0.19389421,16064,,,0,0,,False
CHEMBL23847,0,0.22467038,14458,,,0,0,,False
CHEMBL21228,0,0.34190798,10739,,,0,0,,False
CHEMBL12774,0,0.08466891,22787,,,0,0,,False
CHEMBL15689,0,0.46559715,7536,,,0,0,,False
CHEMBL9318,0,0.6439383,3207,,,0,0,,False
CHEMBL17146,0,0.58306766,4587,,,0,0,,False
CHEMBL38428,0,0.39627057,9333,,,0,0,,False
CHEMBL28825,0,0.28497228,12253,,,0,0,,False
CHEMBL37584,0,0.16067226,17655,,,0,0,,False
CHEMBL7030,0,0.013666068,28738,,,0,0,,False
CHEMBL4436439,0,0.050607722,25350,,,0,0,,False
CHEMBL16763,0,0.1719676,16901,,,0,0,,False
CHEMBL25393,0,0.15421484,18069,,,0,0,,False
CHEMBL19696,0,0.2626148,13022,,,0,0,,False
CHEMBL23734,0,0.5529501,5486,,,0,0,,False
CHEMBL23392,0,0.46559715,7521,,,0,0,,False
CHEMBL14427,0,0.19697869,15853,,,0,0,,False
CHEMBL12294,0,0.2688745,12766,,,0,0,,False
CHEMBL12919,0,0.023704728,27602,,,0,0,,False
CHEMBL23555,0,0.0862678,22597,,,0,0,,False
CHEMBL13681,0,0.6323024,3390,,,0,0,,False
CHEMBL26416,0,0.43925706,8160,,,0,0,,False
CHEMBL18930,0,0.34451917,10513,,,0,0,,False
CHEMBL23477,0,0.020403916,27932,,,0,0,,False
CHEMBL27716,0,0.029133065,27254,,,0,0,,False
CHEMBL505806,0,0.42614117,8685,,,0,0,,False
CHEMBL4435853,0,0.08772593,22403,,,0,0,,False
CHEMBL4436217,0,0.73231286,1556,,,0,0,,False
CHEMBL42771,0,0.062688604,24665,,,0,0,,False
CHEMBL35656,0,0.102149196,21384,,,0,0,,False
CHEMBL17567,0,0.05770722,24895,,,0,0,,False
CHEMBL3310318,0,0.30468294,11646,,,0,0,,False
CHEMBL42876,0,0.5822197,4750,,,0,0,,False
CHEMBL25445,0,0.18174618,16581,,,0,0,,False
CHEMBL3311222,0,0.6530812,2991,,,0,0,,False
CHEMBL160341,0,0.013173661,29659,,,0,0,,False
CHEMBL21872,0,0.012331285,29749,,,0,0,,False
CHEMBL14626,0,0.19738996,15838,,,0,0,,False
CHEMBL10426,0,0.22134623,14612,,,0,0,,False
CHEMBL23990,0,0.18948786,16222,,,0,0,,False
CHEMBL37697,0,0.100869864,21635,,,0,0,,False
CHEMBL22439,0,0.63024133,3436,,,0,0,,False
CHEMBL40003,0,0.33225316,10940,,,0,0,,False
CHEMBL35306,0,0.1874679,16289,,,0,0,,False
CHEMBL4436470,0,0.32162735,11233,,,0,0,,False
CHEMBL19760,0,0.10967541,21019,,,0,0,,False
CHEMBL6381,0,0.58306766,4716,,,0,0,,False
CHEMBL601490,0,0.2975056,11946,,,0,0,,False
CHEMBL24383,0,0.21531595,14905,,,0,0,,False
CHEMBL26909,0,0.78319025,786,,,0,0,,False
CHEMBL8562,0,0.021269627,27816,,,0,0,,False
CHEMBL8004,0,0.6676457,2811,,,0,0,,False
CHEMBL38555,0,0.3345307,10865,,,0,0,,False
