ligand_id,is_known_active,enopt_decoy_score,molecule_chembl_id,best_pchembl,n_measurements,n_strong,types,documented_strong,smiles,mol_weight,heavy_atoms,logp
CHEMBL20751,0,0.9449212,,,0,0,,False,COc1ccccc1Oc1ccc2c(c1)[C@@]13CCCC[C@H]1[C@@H](C2)N(C)CC3,363.501,27,5.176
CHEMBL26494,0,0.9445685,,,0,0,,False,Cc1cccc(-c2ncc(N)c(=O)n2CC(=O)NC(Cc2ccccc2)C(=O)C(F)(F)C(N)=O)c1,483.475,35,1.218
CHEMBL34293,0,0.9377042,,,0,0,,False,COc1ccc(C#Cc2ccc(C(=O)O)cc2)cc1Cc1cnc(N)nc1N,374.4,28,2.338
CHEMBL7213,0,0.92841744,,,0,0,,False,Cc1cc(CNC(=O)[C@@H]2CCCN2C(=O)[C@H](NS(C)(=O)=O)C(c2ccccc2)c2ccccc2)ccc1CN,548.709,39,2.811
CHEMBL29371,0,0.9277608,,,0,0,,False,CN1CCc2c1nc1ccccc1c2NC(=O)CNCCc1ccc(O)cc1,376.46,28,2.704
CHEMBL4543521,0,0.9277608,,,0,0,,False,C[C@@H](Nc1nc2c(cnn2C2CCCC2)c(=O)[nH]1)C(=O)N1CCCC1,344.419,25,1.657
CHEMBL22791,0,0.926605,,,0,0,,False,CCCc1cc(C(=O)O)cc(=O)n1Cc1ccc(-c2ccccc2-c2nn[nH]n2)cc1,415.453,31,3.394
CHEMBL35020,0,0.92465836,,,0,0,,False,COc1ccc(C#Cc2cccc(C(=O)O)c2)cc1Cc1cnc(N)nc1N,374.4,28,2.338
CHEMBL4435713,0,0.9231737,,,0,0,,False,O=C(/C=C/c1ccc(O)c(O)c1)c1ccccc1NS(=O)(=O)c1cccc(O)c1,411.435,29,3.5
CHEMBL41686,0,0.92154455,,,0,0,,False,N=C(N)NCCCC(NC(=O)C(c1ccccc1)c1ccc(Cl)cc1)C(=O)N[C@H]1CCc2ccccc21,518.061,37,4.024
CHEMBL25651,0,0.9210296,,,0,0,,False,CCCc1cc(O)cc(=O)n1Cc1ccc(-c2ccccc2-c2nn[nH]n2)cc1,387.443,29,3.402
CHEMBL36001,0,0.9198122,,,0,0,,False,CC(C)(NC(=O)CNC(=O)Nc1ccc(C(=N)N)cc1)c1ccccc1,353.426,26,2.144
CHEMBL28358,0,0.9198122,,,0,0,,False,Cc1ccccc1COc1ccc(S(=O)(=O)N2CC[C@H](O)C[C@@H]2C(=O)NO)cc1,420.487,29,1.593
CHEMBL22186,0,0.9173353,,,0,0,,False,CCCc1cc(C(N)=O)cc(=O)n1Cc1ccc(-c2ccccc2-c2nn[nH]n2)cc1,414.469,31,2.795
CHEMBL4559961,0,0.91174,,,0,0,,False,CNCCN1CCC(c2cc(CN(C)C(=O)c3cccc(Oc4ccccc4)c3)ccn2)CC1,458.606,34,4.545
CHEMBL27528,0,0.91174,,,0,0,,False,Cc1ccccc1NC(=O)Nc1ccc2cnccc2c1,277.327,21,4.187
CHEMBL22860,0,0.9100543,,,0,0,,False,CCCc1cc(CO)cc(=O)n1Cc1ccc(-c2ccccc2-c2nn[nH]n2)cc1,401.47,30,3.189
CHEMBL3311536,0,0.9097351,,,0,0,,False,O=C1C=CC(=O)C(CNCC(=O)Nc2cccc(OCc3ccccc3)c2)=C1,376.412,28,2.428
CHEMBL9612,0,0.90912485,,,0,0,,False,CN(CCc1ccc2c(c1)OCO2)C[C@@H]1CC[C@@H]2CCOc3cccc1c32,365.473,27,4.333
CHEMBL33131,0,0.90500647,,,0,0,,False,O=C(N[C@@H](Cc1ccc([N+](=O)[O-])cc1)c1nnco1)c1cccc2ccccc12,388.383,29,3.845
CHEMBL23045,0,0.9049237,,,0,0,,False,CCCCc1cc(O)cc(=O)n1Cc1ccc(-c2ccccc2-c2nn[nH]n2)cc1,401.47,30,3.792
CHEMBL32302,0,0.9015754,,,0,0,,False,O=C(O)c1cccc2c(=O)cc(-c3cccc(OCc4ccccc4)c3)oc12,372.376,28,4.737
CHEMBL4435752,0,0.9015754,,,0,0,,False,Cc1cc(-c2ccc(C#N)cc2F)ccc1Oc1ccnc(Nc2ccc(C#N)cc2)n1,421.435,32,5.87
CHEMBL33226,0,0.9015754,,,0,0,,False,CCc1cc(NCc2ccc(-c3ccccc3-c3nn[nH]n3)cc2)c(C(=O)OC)c(CC)n1,442.523,33,4.452
CHEMBL4435505,0,0.9014721,,,0,0,,False,CN1CCC(Cn2nc(-c3ccc4cc(OC5COC5)ccc4c3)c3c(N)ncnc32)CC1,444.539,33,3.348
CHEMBL31986,0,0.9012873,,,0,0,,False,Cc1nc(-c2ccncc2)sc1C(=O)N1CCC(N2C(=O)OCc3ccccc32)CC1,434.521,31,4.275
CHEMBL41876,0,0.90063256,,,0,0,,False,Cc1cc(OCC2CCN(C(=N)N)CC2)cc(OS(=O)(=O)c2ccccc2Cl)c1,437.949,29,3.4
CHEMBL4435391,0,0.8987865,,,0,0,,False,c1ccc(Cn2c(NCc3cc4ccccc4o3)nc3ccccc32)cc1,353.425,27,5.443
CHEMBL30652,0,0.897501,,,0,0,,False,CC1(COc2ccc(S(=O)(=O)C3SC(=O)NC3=O)cc2)CCCCC1,383.491,25,3.119
CHEMBL1185377,0,0.89604986,,,0,0,,False,O=[N+]([O-])c1cc2c(cc1CCCCc1sc(Nc3ccccc3)n[n+]1-c1ccccc1)OCO2,475.55,34,5.366
CHEMBL4434926,0,0.89604986,,,0,0,,False,Cc1ccc(COC(=O)Nc2cc(-c3cc4c([nH]3)CCNC4=O)ccn2)cc1,376.416,28,3.42
CHEMBL36195,0,0.8933614,,,0,0,,False,COc1ccc(C[C@H](NC(=O)c2cccc3ccccc23)C(=O)N[C@@H](C)C(=O)Nc2ccccc2OC)cc1,525.605,39,4.342
CHEMBL22417,0,0.8933614,,,0,0,,False,O=C(N[C@@H]1C(=O)N(Cc2ccccc2)C[C@@H]1C(=O)O)c1ccc2ccccc2c1,388.423,29,2.681
CHEMBL31615,0,0.8933614,,,0,0,,False,c1ccc(Cn2cnc3cc(Nc4ncnc5ccccc45)ccc32)cc1,351.413,27,4.771
CHEMBL25120,0,0.8933614,,,0,0,,False,O=C(Cc1ccccc1OCC(F)(F)F)N1CCC(N2C(=O)OCc3ccccc32)CC1,448.441,32,4.318
CHEMBL27965,0,0.8933614,,,0,0,,False,O=C(NO)[C@H]1CC[C@@H](O)CN1S(=O)(=O)c1ccc(OCc2ccccc2C(F)(F)F)cc1,474.457,32,2.304
CHEMBL25835,0,0.8933614,,,0,0,,False,O=C(CNS(=O)(=O)c1ccc2ccccc2c1)N[C@H](CCNc1ccncc1)C(=O)N1CCCCC1,509.632,36,2.513
CHEMBL21383,0,0.8933614,,,0,0,,False,CCC1(c2cccc(OCc3ccc4c(ccc(=O)n4C)c3)c2)CCOCC1,377.484,28,4.576
CHEMBL3309546,0,0.8933614,,,0,0,,False,c1ccc2cc(CN3CCc4c([nH]c5ccccc45)C3)ccc2c1,312.416,24,4.879
CHEMBL1165741,0,0.8933614,,,0,0,,False,FC(F)(F)c1cc(Nc2nccc(-c3cccnc3)n2)cc(C(F)(F)F)c1,384.283,27,5.32
CHEMBL16387,0,0.8933614,,,0,0,,False,Nc1cccc(S(=O)(=O)Nc2cccc(C(c3c(O)c4c(oc3=O)CCCCCC4)C3CC3)c2)c1,494.613,35,4.929
CHEMBL7641,0,0.8933614,,,0,0,,False,CCCCc1nc2ccccc2n1Cc1ccc(-c2ccccc2-c2nn[nH]n2)cc1,408.509,31,5.274
CHEMBL18024,0,0.8932793,,,0,0,,False,Cc1ccccc1S(=O)(=O)N[C@@H](CNC(=O)C[C@H]1CC(c2ccc(C(=N)N)cc2)=NO1)C(=O)O,487.538,34,0.71
CHEMBL17634,0,0.8932573,,,0,0,,False,CCS(=O)(=O)Nc1ccc2ccc(OCc3ccc4ccccc4n3)cc2c1,392.48,28,4.729
CHEMBL38078,0,0.8932573,,,0,0,,False,O=C(CCCN1C2CCCC1c1c([nH]c3ccccc13)C2)c1ccc(F)cc1,376.475,28,5.422
CHEMBL21818,0,0.89238566,,,0,0,,False,O=S(=O)(NC1CCCC[C@@H]1c1ccccc1)NS(=O)(=O)NC1CCCC[C@H]1c1ccccc1,491.679,33,3.698
CHEMBL25075,0,0.8914477,,,0,0,,False,CCCCc1nc2ccc(F)cc2c(=O)n1Cc1ccc(-c2ccccc2-c2nn[nH]n2)cc1,454.509,34,4.774
CHEMBL8997,0,0.8914477,,,0,0,,False,CC(C)Oc1cccc(-n2c(NNC(=O)Nc3ccc(Cl)cc3)nc3ccccc3c2=O)c1,463.925,33,4.975
CHEMBL29787,0,0.8892599,,,0,0,,False,Cc1cccc(/C=C2\CCCc3ccccc3C2=O)c1,262.352,20,4.598
CHEMBL27948,0,0.8884766,,,0,0,,False,Cc1cccc(NC(=O)Nc2ccc3cnccc3c2)c1,277.327,21,4.187
CHEMBL22773,0,0.8884766,,,0,0,,False,CCCCc1nn(C2CCC2)c(C(=O)O)c1Cc1ccc(-c2ccccc2-c2nn[nH]n2)cc1,456.55,34,5.087
CHEMBL38262,0,0.88743246,,,0,0,,False,Cc1ccc(N2CCN(CCC3NC(=O)c4ccccc43)CC2)cc1C,349.478,26,3.3
CHEMBL28873,0,0.88743246,,,0,0,,False,COc1ccc(O)c(C(=O)c2ccc(NC[C@@H]3CCCNCC3NC(=O)c3ccncc3)cc2)c1F,492.551,36,3.376
CHEMBL12585,0,0.88743246,,,0,0,,False,CC1(C)CCC(C)(C)c2cc(/C=C/c3ccc(C(=O)O)cc3)ccc21,334.459,25,5.904
CHEMBL16873,0,0.88743246,,,0,0,,False,C[n+]1cccc2cc(NC(=O)[C@H](Cc3ccccc3)NC(=O)OCc3ccccc3)ccc21,440.523,33,4.141
CHEMBL21516,0,0.8873233,,,0,0,,False,O=S(=O)(NC1Cc2ccccc2C1)NS(=O)(=O)NC1Cc2ccccc2C1,407.517,27,0.58
CHEMBL21968,0,0.887085,,,0,0,,False,CCCc1cc(OCc2ccc(-c3ccccc3-c3nn[nH]n3)cc2)c(C(=O)OC)c(C)n1,443.507,33,4.555
CHEMBL27158,0,0.8846783,,,0,0,,False,Nc1nc(C2CCN(C(=O)c3ccccc3)CC2)c2ccccc2n1,332.407,25,3.232
CHEMBL4435069,0,0.8822021,,,0,0,,False,Nc1ncccc1-c1cc(Cc2ccc(OCc3ccccc3F)nc2)no1,376.391,28,4.023
CHEMBL23404,0,0.8808537,,,0,0,,False,O=c1oc2ncccc2n1CCN1CCN(c2cccc3ccccc23)CC1,374.444,28,2.965
CHEMBL32692,0,0.8808537,,,0,0,,False,O=C(N[C@@H](Cc1ccc([N+](=O)[O-])cc1)C(=O)OCc1ccccc1)c1cccc2ccccc12,454.482,34,4.833
CHEMBL27049,0,0.8808537,,,0,0,,False,C/C(=C(/Cl)C(=O)Nc1ccccc1C(=O)O)c1ccc2ccccc2c1,365.816,26,5.147
CHEMBL4434768,0,0.8808537,,,0,0,,False,O=C1C=C(N[C@H](Cc2ccccc2)C(=O)Nc2cccc(Br)c2)C(=O)c2ccccc21,475.342,31,4.552
CHEMBL35625,0,0.878108,,,0,0,,False,Cc1nc(O)[nH]c1C(=O)c1ccc(N2CCN(C)CC2)cc1,300.362,22,1.407
CHEMBL22500,0,0.87562,,,0,0,,False,CC(=O)Nc1ccc(CCn2ncc3c2nc(N)n2nc(-c4ccco4)nc32)cc1,402.418,30,2.517
CHEMBL7420,0,0.87352926,,,0,0,,False,CCOC(=O)c1ccc(NC(=O)Nc2cccc3c2OC(C)(C)CC3(C)C)cc1,396.487,29,5.346
CHEMBL16110,0,0.87352926,,,0,0,,False,C=CCNC(=O)O[C@H]1CC[C@@](CNC(=O)c2cccc3c2OCC3)(c2ccccc2)CC1,434.536,32,4.144
CHEMBL3310742,0,0.87333953,,,0,0,,False,COc1ccccc1C1(C)CCn2nc(COc3ccccc3)cc2C1=O,362.429,27,4.015
CHEMBL19576,0,0.8730812,,,0,0,,False,Oc1nc2cc(C#CCN3CCC(O)(Cc4ccc(F)cc4)CC3)ccc2[nH]1,379.435,28,2.829
CHEMBL4435447,0,0.8730812,,,0,0,,False,c1ccc(Sc2nn3cc(-c4cc5ccccc5o4)nc3s2)cc1,349.44,24,5.355
CHEMBL14185,0,0.87272894,,,0,0,,False,Oc1ccc(Cl)cc1-n1nc(-c2cc(C(F)(F)F)cc(C(F)(F)F)c2)nc1O,423.7,28,5.037
CHEMBL3310263,0,0.87272894,,,0,0,,False,Cc1cc2ncn(CC(O)COc3ccc4c(C)cc(=O)oc4c3)c2cc1C,378.428,28,3.508
CHEMBL571967,0,0.87271017,,,0,0,,False,CCOC(=O)c1cc(-c2cccc(OCc3cc(F)ccc3F)c2)on1,359.328,26,4.376
CHEMBL1098866,0,0.87218255,,,0,0,,False,CC1(C)O[C@@H]2[C@H](O1)[C@H](CNCCNc1ncccn1)O[C@@H]2CC(=O)NCCc1c[nH]c2ccccc12,494.596,36,1.996
CHEMBL17607,0,0.87122184,,,0,0,,False,CCCCS(=O)(=O)Nc1ccc2ccc(OCc3ccc4ccccc4n3)cc2c1,420.534,30,5.509
CHEMBL22390,0,0.8707908,,,0,0,,False,CCCc1cc(N)cc(=O)n1Cc1ccc(-c2ccccc2-c2nn[nH]n2)cc1,386.459,29,3.278
CHEMBL7431,0,0.87064093,,,0,0,,False,CCCCc1nc2cnncc2n1Cc1ccc(-c2ccccc2C(=O)O)cc1,386.455,29,4.582
CHEMBL20393,0,0.8700701,,,0,0,,False,CC1(C)N=C(N)N=C(N)N1c1cccc(CNc2ccc(Cl)cc2)c1,356.861,25,3.138
CHEMBL14494,0,0.86962223,,,0,0,,False,CC(=O)c1cc(C)ccc1OCCCN1CCC(c2noc3cc(F)ccc23)CC1,410.489,30,5.126
CHEMBL42467,0,0.86962223,,,0,0,,False,Cc1cccc2c1OP(=O)(OCC1C[C@@H](F)C(n3cnc4c(O)ncnc43)O1)OC2,436.336,30,3.2
CHEMBL42432,0,0.8692458,,,0,0,,False,CC(=O)NC(O)CCOc1ccc(C(=O)N2CCC(N3C(=O)CCc4ccccc43)CC2)cc1,465.55,34,2.494
CHEMBL27476,0,0.8690657,,,0,0,,False,COC(=O)c1cccc(Oc2ccc(NC(=O)[C@@H](N)CS)cc2)c1,346.408,24,2.461
CHEMBL39490,0,0.86851656,,,0,0,,False,N=C(N)c1ccc2nc(-c3ccc(Oc4ccccc4)cc3)[nH]c2c1,328.375,25,4.306
CHEMBL10577,0,0.86669433,,,0,0,,False,CC(=O)NC(Cc1ccccc1)C(=O)NC/C=C/c1ccc([N+](=O)[O-])cc1,367.405,27,2.472
CHEMBL24309,0,0.86657435,,,0,0,,False,O=C(N[C@@H](Cc1ccccc1)C(=O)C(F)(F)F)c1ccccc1,321.298,23,3.159
CHEMBL34971,0,0.86657435,,,0,0,,False,CCCCCCCCCCc1ccc2c(c1)N(C)[C@@H](C(C)C)C(=O)N[C@H](CO)C2,402.623,29,4.864
CHEMBL35184,0,0.86657435,,,0,0,,False,c1ccc([C@@H]2CN3CCC[C@@H]3c3ccccc32)cc1,249.357,19,3.969
CHEMBL25390,0,0.86657435,,,0,0,,False,CCOC(=O)c1cnc2ccc(C3(CCC(=O)OC)CCC(=O)NC3=O)cc2c1O,414.414,30,1.745
CHEMBL37467,0,0.86657435,,,0,0,,False,Cc1ccc(S(=O)(=O)N[C@@H](CC(=O)O)C(=O)NCCc2ccccc2)cc1,390.461,27,1.476
CHEMBL20316,0,0.86657435,,,0,0,,False,O=C(O)CCC/C=C\CC1=CCC[C@@H]1NS(=O)(=O)c1ccccc1[N+](=O)[O-],394.449,27,3.163
CHEMBL34990,0,0.86657435,,,0,0,,False,CSc1ccc([C@@H]2CN3CCC[C@@H]3c3ccccc32)cc1,295.451,21,4.691
CHEMBL23826,0,0.86657435,,,0,0,,False,[N-]=[N+]=Nc1cccc(CNCCCCNCc2cccc(N=[N+]=[N-])c2)c1,350.43,26,5.23
CHEMBL14197,0,0.86657435,,,0,0,,False,Cc1ccc([C@@H]2CN(C)C[C@H]2C(=O)c2ccccc2F)cc1,297.373,22,3.662
CHEMBL31805,0,0.86657435,,,0,0,,False,CC1(C)CN1P(=O)(NC(=O)OCc1ccc([N+](=O)[O-])cc1)N1CC1(C)C,382.357,26,3.118
CHEMBL25095,0,0.86657435,,,0,0,,False,CC1NC(=O)OC12CCN(CC(O)C1COc3ccccc3O1)CC2,348.399,25,1.15
CHEMBL37627,0,0.86657435,,,0,0,,False,CCOP(=O)(CCc1ccc(-c2nc3ccccc3s2)cc1)OCC,375.43,25,5.772
CHEMBL8649,0,0.86657435,,,0,0,,False,O=C(CCCCc1ccccc1)c1ccc(O)c(O)c1[N+](=O)[O-],315.325,23,3.602
CHEMBL10107,0,0.865906,,,0,0,,False,O=C(Nc1ccc(C[C@H](/N=c2\c(O)c(O)\c2=N/Cc2ccccc2)C(=O)O)cc1)c1c(Cl)cncc1Cl,539.375,37,3.625
CHEMBL17759,0,0.865906,,,0,0,,False,CC(=O)c1cccc(OCCCN2CCC(C(O)(c3ccc(F)cc3)c3ccc(F)cc3)CC2)c1,479.567,35,5.584
CHEMBL10639,0,0.865906,,,0,0,,False,O=C(O)CC/C=C\C[C@H]1[C@H](CNS(=O)(=O)c2ccc(F)cc2)C2CC1(c1ccc(-c3ccccc3)cc1)CO2,549.664,39,5.555
CHEMBL18699,0,0.8657791,,,0,0,,False,c1ccc(OCc2nn[nH]n2)c(COc2ccc(OCc3ccc4ccccc4n3)cc2)c1,439.475,33,4.485
CHEMBL40714,0,0.86512977,,,0,0,,False,CS(=O)(=O)c1cc(N[C@@H](Cc2ccc(NC(=O)c3c(Cl)cncc3Cl)cc2)C(=O)O)ncn1,510.359,33,2.942
CHEMBL4434658,0,0.86512977,,,0,0,,False,NC(=O)c1ccc(NC(=O)N2CCN(c3ccnc(Nc4ccc(N5CCOCC5)cc4)n3)CC2)cc1,502.579,37,2.51
CHEMBL18658,0,0.8624749,,,0,0,,False,CC(C)(N)C(=O)N[C@](C)(Cc1c[nH]c2ccccc12)C(=O)N[C@H](Cc1c[nH]c2ccccc12)NC=O,488.592,36,2.235
CHEMBL9111,0,0.8624749,,,0,0,,False,NNC(N)c1ccc(C[C@@H](NC(=O)CNS(=O)(=O)c2ccc3ccccc3c2)C(=O)N2CCCCC2)cc1,538.674,38,1.279
CHEMBL29429,0,0.8624749,,,0,0,,False,O=C(O)CCc1ccccc1CC1C2CCC(O2)C1c1nc(C(=O)NCCCCc2ccc(O)cc2)co1,518.61,38,4.654
CHEMBL42459,0,0.8624749,,,0,0,,False,CCc1cn([C@H]2C[C@H](O)[C@@H](CNC(=O)C3c4ccccc4S(=O)(=O)c4ccccc43)O2)c(=O)[nH]c1=O,511.556,36,0.842
CHEMBL20872,0,0.8624749,,,0,0,,False,O=C1Nc2ccccc2C(c2ccccc2F)=NC1Cc1c[nH]c2cc(F)ccc12,401.416,30,4.847
CHEMBL6325,0,0.86234534,,,0,0,,False,C#CCN(Cc1ccc2nc(C)nc(O)c2c1)c1ccc(C(=O)NCc2cccc([N+](=O)[O-])c2)cc1,481.512,36,4.122
CHEMBL33476,0,0.8621887,,,0,0,,False,O=C(N[C@@H](Cc1ccc([N+](=O)[O-])cc1)c1ncco1)c1cccc2ccccc12,387.395,29,4.45
CHEMBL30670,0,0.8612735,,,0,0,,False,N#Cc1cc(Cn2cncc2CN2CCN(c3cccc(Cl)c3)C(=O)C2)ccc1Oc1ccccc1,497.986,36,5.098
CHEMBL3311041,0,0.8612735,,,0,0,,False,COc1ccc(-c2coc3c4c(ccc3c2=O)OC(C)(C)C=C4)cc1,334.371,25,4.653
CHEMBL31607,0,0.8612735,,,0,0,,False,O=C(/C=C/c1ccc(O)c(O)c1)O[C@H]1CCCC[C@@H]1OC(=O)/C=C/c1ccc(O)c(O)c1,440.448,32,3.633
CHEMBL40315,0,0.86099446,,,0,0,,False,CS(=O)(=O)Nc1ccc(OCC(O)CN2CCC(c3ccc(C(F)(F)F)cc3)CC2)cc1,472.529,32,3.696
CHEMBL28689,0,0.86099446,,,0,0,,False,O=C1/C(=C/c2ccccc2)CCc2ccccc21,234.298,18,3.899
CHEMBL3347310,0,0.8590907,,,0,0,,False,N#Cc1cc(Cl)cc(Oc2cc(CC(=O)N3CCc4ccccc4C3)[nH]c(=O)c2Cl)c1,454.313,31,4.473
CHEMBL18425,0,0.85869193,,,0,0,,False,Cc1c(C)c2ccc(OC(C)c3ccc(C(C)C)cc3)cc2oc1=O,336.431,25,5.673
CHEMBL9778,0,0.8585594,,,0,0,,False,CN(c1ccccc1)N1C(=O)O[C@@](C)(c2ccc(Oc3ccccc3)cc2)C1=O,388.423,29,4.724
CHEMBL3309608,0,0.858357,,,0,0,,False,COC1Cc2ccncc2C2(CCN(Cc3ccccc3)CC2)O1,324.424,24,3.118
CHEMBL22385,0,0.85818934,,,0,0,,False,CCCc1cc(O)c(C)c(=O)n1Cc1ccc(-c2ccccc2-c2nn[nH]n2)cc1,401.47,30,3.71
CHEMBL18847,0,0.85815126,,,0,0,,False,Oc1nc(-c2ccc3ccccc3c2)nc2ccccc12,272.307,21,4.156
CHEMBL14889,0,0.8576281,,,0,0,,False,O=C(OC1CCCCC1)c1ccccc1CSc1c(O)oc(-c2ccccc2)cc1=O,436.529,31,5.794
CHEMBL31545,0,0.8576281,,,0,0,,False,CC(C)C[C@H](NC(=O)c1cc2ccccc2o1)C(=O)N[C@@H](C)C(=O)CNS(=O)(=O)c1ccccn1,500.577,35,2.025
CHEMBL19419,0,0.8576281,,,0,0,,False,Cc1cc2[nH]c(O)nc2cc1C#CCN1CCC(Cc2ccc(F)cc2)CC1,377.463,28,4.022
CHEMBL4435037,0,0.8576281,,,0,0,,False,N#Cc1cccc(OC(=O)N2CCN(C(c3ccccc3)c3ccccc3)CC2)c1,397.478,30,4.464
CHEMBL23963,0,0.8576281,,,0,0,,False,COc1cc(NCc2cnc3nc(N)nc(N)c3c2C)cc(C(F)(F)F)c1,378.358,27,3.137
CHEMBL30928,0,0.8576281,,,0,0,,False,NC(=O)CCc1ccccc1CC1C2CCC(O2)C1c1nc(C(=O)NCCCCC2CCCCC2)co1,507.675,37,5.077
CHEMBL34627,0,0.8576281,,,0,0,,False,CC1(C)N=C(N)N=C(N)N1c1ccc(OCc2ccc(C(N)=O)cc2)cc1,366.425,27,1.55
CHEMBL17701,0,0.8576281,,,0,0,,False,Nc1nc(NCCCCCCCCNS(=O)(=O)c2cccc3ccccc23)nc2ccccc12,477.634,34,5.096
CHEMBL16355,0,0.8576281,,,0,0,,False,Fc1cc(F)cc(CNc2nc(C(F)(F)F)nc3ccccc23)c1,339.267,24,4.539
CHEMBL1200285,0,0.8568952,,,0,0,,False,COc1cccc2[nH]cc(CN3CCC(n4c(=O)[nH]c5ccccc54)CC3)c12,376.46,28,3.657
CHEMBL14501,0,0.8568538,,,0,0,,False,Cc1nsc(-c2ccc(N3CCN(c4cccc(C(F)(F)F)c4)CC3)cc2)n1,404.461,28,4.859
CHEMBL10278,0,0.8568538,,,0,0,,False,O=C1CCC(c2ccccc2)(C2CCN(Cc3cccc(I)c3)CC2)C(=O)N1,488.369,28,3.878
CHEMBL22366,0,0.8568538,,,0,0,,False,O=C(Cc1cccc2ccccc12)N1CCC(CNCCCCNCCN2CCCCC2)CC1,464.698,34,4.066
CHEMBL22397,0,0.8568277,,,0,0,,False,COc1cc2c3c4c(cc5c3n(c2cc1OC)C(=O)CC5)CNCC4,336.391,25,3.044
CHEMBL4436092,0,0.85510725,,,0,0,,False,C[C@]1(CN2CCc3oc(-c4ccc(F)c(F)c4)nc3C2)Cn2cc([N+](=O)[O-])nc2O1,417.372,30,2.934
CHEMBL17272,0,0.85510725,,,0,0,,False,Cc1ccccc1OCCCN1CCC(C(O)(c2ccc(F)cc2)c2ccc(F)cc2)CC1,451.557,33,5.69
CHEMBL21585,0,0.85510725,,,0,0,,False,CCCc1cc(OCc2ccccn2)cc(=O)n1Cc1ccc(-c2ccccc2-c2nn[nH]n2)cc1,478.556,36,4.67
CHEMBL4435260,0,0.85510725,,,0,0,,False,O=C(Nc1cccc2[nH]ccc12)c1ccc2ccccc2c1,286.334,22,4.573
CHEMBL19485,0,0.85510725,,,0,0,,False,N=C(Nc1ccc2ccc3cccnc3c2n1)c1ccccc1,298.349,23,4.22
CHEMBL1163536,0,0.8549718,,,0,0,,False,O=C(c1ccc(F)cc1)C1CCN(C(=O)c2cccc(C(F)(F)F)c2)CC1,379.353,27,4.58
CHEMBL18759,0,0.8549718,,,0,0,,False,Cc1nc(N)ncc1CNC(=O)Cn1c(C)cnc(NCCc2ccc3c(c2)CCO3)c1=O,449.515,33,1.138
CHEMBL33870,0,0.8547722,,,0,0,,False,CN(Cc1ccc2ccccc2c1)c1cnc2nc(N)nc(N)c2n1,331.383,25,2.374
CHEMBL26698,0,0.85464543,,,0,0,,False,Cn1c(=O)c2nc(/C=C/c3cc(F)cc(F)c3)[nH]c2n(C)c1=O,318.283,23,1.409
CHEMBL536204,0,0.85464543,,,0,0,,False,Cc1ccc(OC2CCN(CCCCC3(C)C(=O)Nc4ccccc43)CC2)cc1,392.543,29,4.919
CHEMBL40250,0,0.85464543,,,0,0,,False,CCCCC1=NC2(CCCC2)CC(=O)N1Cc1ccc(-c2ccccc2C(=O)O)cc1,418.537,31,5.686
CHEMBL40453,0,0.85464543,,,0,0,,False,O=C(NC(Cc1ccccc1)c1cccc(O)c1)C(c1ccccc1)c1ccccc1,407.513,31,5.624
CHEMBL18388,0,0.85458994,,,0,0,,False,O=C(Nc1ccc(OCCCc2nnn[nH]2)cc1)c1ccc2ccccc2n1,374.404,28,3.012
CHEMBL12287,0,0.85458994,,,0,0,,False,O=C(O)c1ccc(O)c(C(=O)/C=C/c2ccc3ccccc3n2)c1,319.316,24,3.535
CHEMBL15935,0,0.8540627,,,0,0,,False,CCCC1=C(C(=O)OCc2ccc(C(=O)NCCCN3CCN(C)CC3)cc2)C(c2cccc(C)c2)NC(=O)N1,547.7,40,3.514
CHEMBL28141,0,0.8540627,,,0,0,,False,O=C(NO)[C@H]1C[C@@H](O)CCN1S(=O)(=O)c1ccc(OCc2ccccc2F)cc1,424.45,29,1.424
CHEMBL19342,0,0.85364896,,,0,0,,False,Oc1nc2ccc(C#CCN3CCC(O)(Cc4ccc(F)cc4)CC3)cc2s1,396.487,28,3.562
CHEMBL32940,0,0.85286963,,,0,0,,False,O=C(Cc1c[nH]c2ccccc12)N1CCC(Cc2ccccc2)C1,318.42,24,3.802
CHEMBL27324,0,0.85286963,,,0,0,,False,COc1ccc2c(O)cc(=O)n(Cc3ccc(-c4ccccc4C(=O)O)cc3)c2c1,401.418,30,4.129
CHEMBL11243,0,0.85263485,,,0,0,,False,O=c1cnn(-c2ccc(S(=O)(=O)N3CCC(Cc4ccccc4)CC3)c(Cl)c2)c(=O)[nH]1,460.943,31,2.218
CHEMBL38650,0,0.8525525,,,0,0,,False,C=Cc1c(C)c(O)cc2c1-c1ccc(O)c(C)c1CC2,266.34,20,4.123
CHEMBL8227,0,0.8525525,,,0,0,,False,COc1ccc(O)c2c(=O)c3c(NCCN(C)C)ccc4ncn(c12)c43,352.394,26,2.126
CHEMBL4434812,0,0.852193,,,0,0,,False,Oc1cc2ncnc(Nc3ccc(OCc4ccc(F)cc4)cc3)c2cc1O,377.375,28,4.503
CHEMBL23211,0,0.8520919,,,0,0,,False,Nc1nc(N)c2cc(CNc3cccc4ccccc34)ccc2n1,315.38,24,3.56
CHEMBL26006,0,0.85173297,,,0,0,,False,Nc1nc(N)c2nc(CNc3cccc4ccccc34)cnc2n1,317.356,24,2.349
CHEMBL28299,0,0.8516944,,,0,0,,False,O=C(NO)[C@H]1C[C@@H](O)CCN1S(=O)(=O)c1ccc(OCc2cccc(F)c2)cc1,424.45,29,1.424
CHEMBL6534,0,0.8516944,,,0,0,,False,NC(=O)c1cc2c(Sc3ccc(-c4ccccc4)cc3)cncc2s1,362.479,25,5.213
CHEMBL43769,0,0.8510551,,,0,0,,False,CC(C)(C)OC(=O)CN1C(=O)C(NC(=O)c2cc3ccccc3[nH]2)CCCc2ccccc21,447.535,33,3.978
CHEMBL20650,0,0.8510551,,,0,0,,False,O=C(CSc1nc2ccccc2s1)NCC1CCCN(CCc2ccccc2)C1,425.623,29,4.459
CHEMBL43687,0,0.85065305,,,0,0,,False,CCCNc1nc(N[C@@H](Cc2ccc(NC(=O)c3c(Cl)cncc3Cl)cc2)C(=O)O)nc(OC)n1,520.377,35,3.764
CHEMBL40083,0,0.85035634,,,0,0,,False,O=C1NC(=O)/C(=C/c2ccc(OCc3ccccc3)cc2)N1,294.31,22,2.446
CHEMBL9696,0,0.84989923,,,0,0,,False,O=C1CC(CN2CCC(Oc3ccccc3)CC2)CCc2ccccc21,349.474,26,4.365
CHEMBL606548,0,0.8472,,,0,0,,False,CN1CCC[C@@H]1Cc1c[nH]c2ccc(NS(=O)(=O)c3ccc(OC(F)(F)F)cc3)cc12,453.486,31,4.504
CHEMBL581092,0,0.8465227,,,0,0,,False,COc1cccc(CNC(=O)c2cccc(-c3ccc(CN4CCC(N5CCCC5)CC4)cc3)n2)c1,484.644,36,4.747
CHEMBL10742,0,0.8465227,,,0,0,,False,O=C(O)COc1cccc2c1CCC(C/C=N/OC(c1ccccc1)c1ccccc1)C2,429.516,32,5.437
CHEMBL18716,0,0.8465227,,,0,0,,False,CC(C)(N)C(=O)N[C@@H](Cc1c[nH]c2ccccc12)C(=O)N[C@H](Cc1c[nH]c2ccccc12)NC=O,474.565,35,1.845
CHEMBL37251,0,0.8465227,,,0,0,,False,Cc1cc(C(=O)Nc2ccc(-c3ccccc3S(N)(=O)=O)cc2)n(-c2cccc(C(=N)N)c2)n1,474.546,34,3.031
CHEMBL4553700,0,0.8465227,,,0,0,,False,N=C1N/C(=N\Nc2nc(-c3ccc(Cl)cc3)cs2)c2ccccc21,353.838,24,4.166
CHEMBL36832,0,0.8465227,,,0,0,,False,O=C(O)c1ccc(C(=O)c2ccc(C(=O)c3ccc4c(c3)OCO4)cc2)cc1,374.348,28,3.576
CHEMBL42158,0,0.8465227,,,0,0,,False,COc1ccc(C(=O)Nc2cnc3c(c2)CN(C)CC3(C)C)cc1C(F)(F)F,393.409,28,4.084
CHEMBL6653,0,0.8465227,,,0,0,,False,Nc1nc(N)c2cc(NC(=O)Cc3cccc(C(F)(F)F)c3)ccc2n1,361.327,26,2.994
CHEMBL43565,0,0.8465227,,,0,0,,False,O=C(CCCCCCCC(=O)Nc1nc2ccccc2[nH]1)Nc1nc2ccccc2[nH]1,418.501,31,4.747
CHEMBL36547,0,0.8465227,,,0,0,,False,CCSC/C(=C(\F)C(=O)Nc1ccc(-c2ccccc2S(N)(=O)=O)cc1)c1cccc(C(=N)N)c1,512.632,35,4.357
CHEMBL30247,0,0.8459555,,,0,0,,False,O=C1/C(=C/c2cccc(F)c2)CCc2ccccc21,252.288,19,4.038
CHEMBL4436114,0,0.84587836,,,0,0,,False,O=C(c1ccc(-c2ccc(F)cc2)cc1)c1cc(=O)n(O)c(=O)[nH]1,326.283,24,1.811
CHEMBL7632,0,0.8458679,,,0,0,,False,CCCCc1nc2ccccc2n1Cc1ccc(-c2ccccc2C(=O)O)cc1,384.479,29,5.792
CHEMBL8644,0,0.8458679,,,0,0,,False,COc1ccccc1N1CCN(CCCC2=CCCc3ccccc32)CC1,362.517,27,4.627
CHEMBL25383,0,0.84448045,,,0,0,,False,O=C1Nc2cc(C(F)(F)F)ccc2C1(O)c1cccc(Cl)c1,327.689,22,3.547
CHEMBL31055,0,0.84448045,,,0,0,,False,NC(=O)COc1cccc(Cc2cnc(N)nc2N)c1,273.296,20,0.096
CHEMBL24956,0,0.8443007,,,0,0,,False,CN1CCC(Oc2ccc(NC/C=C/c3cc(C(=N)N)ccc3O)cc2C(F)(F)F)CC1,448.489,32,4.293
CHEMBL37711,0,0.84415704,,,0,0,,False,C[C@@H](c1ccc(-c2ccccc2)cc1)[C@H](CS)C(=O)N[C@@H](Cc1c[nH]c2ccccc12)C(=O)O,472.61,34,5.297
CHEMBL15320,0,0.84407336,,,0,0,,False,CCCCC1Nc2ccc(C(=O)OC)cc2C(=O)N1Cc1ccc(-c2ccccc2-c2nn[nH]n2)cc1,496.571,37,4.905
CHEMBL8927,0,0.8440394,,,0,0,,False,CCCCCC(O)c1cccc(OCc2cccc(C(=O)O)c2)c1,328.408,24,4.578
CHEMBL7700,0,0.8440394,,,0,0,,False,CCCC(=O)Nc1ccc(Oc2cccc3c2CCO3)cc1,297.354,22,4.152
CHEMBL20228,0,0.8440394,,,0,0,,False,Cc1ccc(S(=O)(=O)N[C@H]2CCC=C2C/C=C\CCCC(=O)O)cc1,363.479,25,3.563
CHEMBL37334,0,0.8440394,,,0,0,,False,COc1ccc(C#CCCCC(=O)O)cc1Cc1cnc(N)nc1N,340.383,25,1.847
CHEMBL1077609,0,0.8438887,,,0,0,,False,CC(C)(O)[C@H]1CC=C(C(=O)OC[C@H]2O[C@@H](O)[C@H](O)[C@@H](O)[C@@H]2O)CC1,346.376,24,-1.173
CHEMBL40074,0,0.8434847,,,0,0,,False,C/C(=C(\F)C(=O)Nc1ccc(-c2ccccc2S(N)(=O)=O)cc1)c1ccc(F)c(C(=N)N)c1,470.501,33,3.763
CHEMBL18983,0,0.8434847,,,0,0,,False,O=C(Nc1ccc2ccc3cccnc3c2n1)c1ccc(Cl)cc1,333.778,24,4.689
CHEMBL42702,0,0.8434847,,,0,0,,False,Cc1cc(C(=O)Nc2ccc(-c3ccccc3S(N)(=O)=O)cc2)n(-c2cc3ccccc3cc2C(=O)O)n1,526.574,38,4.599
