ligand_id,rank,is_known_active,smiles,mol_weight,heavy_atoms,logp,tpsa,max_tanimoto_active,flags,parse_fail,cluster_id,scaffold
CHEMBL37097,1,0,C=C(C(=O)c1ccc(-c2ccccc2)cc1)n1cnc2ccccc2c1=O,352.393,27,4.417,51.96,0.216,PAINS;Brenk,False,166,CC(C1CCC(C2CCCCC2)CC1)C(C)C1CCC2CCCCC2C1C
CHEMBL20507,2,0,Cc1ccc(S(=O)(=O)Nc2cccc(-c3nccc4nc(N)nn34)c2)cc1,380.433,27,2.483,115.27,0.28,,False,5,CC(C)(CC1CCCC(C2CCCC3CCCC32)C1)C1CCCCC1
CHEMBL708,3,0,O=C1Cc2cc(CCN3CCN(c4nsc5ccccc45)CC3)c(Cl)cc2N1,412.946,28,3.809,48.47,0.211,,False,21,CC1CC2CCC(CCC3CCC(C4CCC5CCCCC54)CC3)CC2C1
CHEMBL42108,4,0,O=C(NC(=O)c1ccccc1Cl)Nc1cccc(C2CN3CCSC3=N2)c1,400.891,27,3.761,73.8,0.186,,False,165,CC(CC1CCCC(C2CC3CCCC3C2)C1)CC(C)C1CCCCC1
CHEMBL21908,5,0,Cn1c(=O)ccc2cc(COc3cccc(C4(C)CCOCC4)c3)ccc21,363.457,27,4.186,40.46,0.221,,False,25,CC1CCC2CC(CCC3CCCC(C4CCCCC4)C3)CCC2C1
CHEMBL39490,6,0,N=C(N)c1ccc2nc(-c3ccc(Oc4ccccc4)cc3)[nH]c2c1,328.375,25,4.306,87.78,0.178,PAINS;Brenk,False,164,C1CCC(CC2CCC(C3CC4CCCCC4C3)CC2)CC1
CHEMBL41719,7,0,O=C(O)c1c(O)c(-c2ccc(-c3ccccc3)cc2)nc2ccc(F)cc12,359.356,27,5.112,70.42,0.192,,False,163,C1CCC(C2CCC(C3CCC4CCCCC4C3)CC2)CC1
CHEMBL34924,8,0,O=C(O)c1ccc(C(=O)c2ccc(C(=O)c3ccc(Cl)c(Cl)c3)cc2)cc1,399.229,27,5.154,71.44,0.244,,False,162,CC(C1CCCCC1)C1CCC(C(C)C2CCCCC2)CC1
CHEMBL9308,9,0,O=C(NCC=C(c1ccccc1)c1ccccc1)Nc1ccc(Cl)cc1,362.86,26,5.593,41.13,0.286,,False,161,CC(CCCC(C1CCCCC1)C1CCCCC1)CC1CCCCC1
CHEMBL4435713,10,0,O=C(/C=C/c1ccc(O)c(O)c1)c1ccccc1NS(=O)(=O)c1cccc(O)c1,411.435,29,3.5,123.93,0.22,PAINS;Brenk,False,160,CC(CCC1CCCCC1)C1CCCCC1CC(C)(C)C1CCCCC1
CHEMBL35020,11,0,COc1ccc(C#Cc2cccc(C(=O)O)c2)cc1Cc1cnc(N)nc1N,374.4,28,2.338,124.35,0.222,PAINS;Brenk,False,159,C1CCC(CCC2CCCC(CC3CCCCC3)C2)CC1
CHEMBL3311046,12,0,CC(=O)c1ccc(-c2coc3c4c(ccc3c2=O)OC(C)(C)C=C4)cc1,346.382,26,4.847,56.51,0.176,,False,158,CC1C(C2CCCCC2)CCC2C3CCCCC3CCC12
CHEMBL4435069,13,0,Nc1ncccc1-c1cc(Cc2ccc(OCc3ccccc3F)nc2)no1,376.391,28,4.023,87.06,0.167,,False,0,C1CCC(CCC2CCC(CC3CCC(C4CCCCC4)C3)CC2)CC1
CHEMBL7035,14,0,CC1(C)N=C(N)N=C(N)N1c1ccc(OCc2ccc(Cl)c(Cl)c2)cc1,392.29,26,3.758,89.23,0.262,,False,157,C1CCC(CCC2CCC(C3CCCCC3)CC2)CC1
CHEMBL4435625,15,0,CN(C(=O)c1cccc(C(=O)N/N=C2\CCc3cccc(O)c32)c1)c1ccccc1,399.45,30,3.749,82.0,0.253,PAINS;Brenk,False,156,CC(CCC1CCC2CCCCC21)C1CCCC(C(C)CC2CCCCC2)C1
CHEMBL17703,16,0,Oc1ccc2c(c1)OC[C@@H](N1CCC(O)(c3ccc(F)cc3)CC1)[C@H]2O,359.397,26,2.309,73.16,0.194,,False,155,C1CCC(C2CCC(C3CCC4CCCCC4C3)CC2)CC1
CHEMBL35040,17,0,O=C1Cc2cc(CCN3CCN(c4nsc5ccccc45)CC3)c(F)cc2N1,396.491,28,3.295,48.47,0.211,,False,14,CC1CC2CCC(CCC3CCC(C4CCC5CCCCC54)CC3)CC2C1
CHEMBL13137,18,0,CC1(C)CCC(C)(C)c2cc(CCc3ccc(C(=O)O)cc3)ccc21,336.475,25,5.519,37.3,0.221,,False,154,C1CCC(CCC2CCC3CCCCC3C2)CC1
CHEMBL28358,19,0,Cc1ccccc1COc1ccc(S(=O)(=O)N2CC[C@H](O)C[C@@H]2C(=O)NO)cc1,420.487,29,1.593,116.17,0.232,PAINS;Brenk,False,153,CC(C)(C1CCCCC1)C1CCC(CCC2CCCCC2)CC1
CHEMBL22620,20,0,c1ccc2cc(CNCCCCNCc3ccc4ccccc4c3)ccc2c1,368.524,28,5.653,24.06,0.295,PAINS;Brenk,False,152,C(CCCCC1CCC2CCCCC2C1)CCCC1CCC2CCCCC2C1
CHEMBL34293,21,0,COc1ccc(C#Cc2ccc(C(=O)O)cc2)cc1Cc1cnc(N)nc1N,374.4,28,2.338,124.35,0.215,PAINS;Brenk,False,151,C1CCC(CCC2CCCC(CC3CCCCC3)C2)CC1
CHEMBL29371,22,0,CN1CCc2c1nc1ccccc1c2NC(=O)CNCCc1ccc(O)cc1,376.46,28,2.704,77.49,0.293,PAINS;Brenk,False,24,CC(CCCCC1CCCCC1)CC1C2CCCCC2CC2CCCC21
CHEMBL20751,23,0,COc1ccccc1Oc1ccc2c(c1)[C@@]13CCCC[C@H]1[C@@H](C2)N(C)CC3,363.501,27,5.176,21.7,0.212,,False,150,C1CCC(CC2CCC3CC4CCCC5(CCCCC45)C3C2)CC1
CHEMBL27037,24,0,NCc1ccc2[nH]c(C(Cc3ccccc3F)c3ccccc3F)cc2c1,362.423,27,5.279,41.81,0.236,,False,149,C1CCC(CC(C2CCCCC2)C2CC3CCCCC3C2)CC1
CHEMBL25299,25,0,O[C@H]1C=Cc2c(ccc3cc4ccc5ccccc5c4cc23)[C@@H]1O,312.368,24,4.567,40.46,0.232,PAINS;Brenk,False,148,C1CCC2C(C1)CCC1CC3CCC4CCCCC4C3CC12
CHEMBL4560026,26,0,Cc1c(F)cccc1NC(=O)Nc1ccc(Cl)c(S(=O)(=O)[C@H]2CCCNC2)c1O,441.912,29,3.663,107.53,0.193,PAINS;Brenk,False,147,CC(CC1CCCCC1)CC1CCCC(C(C)(C)C2CCCCC2)C1
CHEMBL26842,27,0,Cc1noc(NS(=O)(=O)c2ccc(NC(=O)Nc3ccccc3)cc2)c1C,386.433,27,3.736,113.33,0.333,,False,20,CC(CC1CCCCC1)CC1CCC(C(C)(C)CC2CCCC2)CC1
CHEMBL4435940,28,0,Cc1cccc(Cl)c1NC(=O)c1cc(-c2ccc([N+](=O)[O-])cc2)cnc1N,382.807,27,4.453,111.15,0.19,PAINS;Brenk,False,146,CC(CC1CCCCC1)C1CCCC(C2CCCCC2)C1
CHEMBL37483,29,0,c1ccc2c(c1)ccn2CCCCN1C2CCC1c1c([nH]c3ccccc13)C2,369.512,28,5.665,23.96,0.213,PAINS;Brenk,False,145,C1CCC2C(C1)CCC2CCCCC1C2CCC1C1C(C2)CC2CCCCC21
CHEMBL34464,30,0,COC(=O)c1ccc(/C=C(\C)c2ccc3c(c2)C(C)(C)CCO3)cc1,336.431,25,5.094,35.53,0.203,PAINS;Brenk,False,25,C1CCC(CCC2CCC3CCCCC3C2)CC1
CHEMBL36002,31,0,C[C@H](NC(=O)CNC(=O)Nc1ccc(C(=N)N)cc1)c1ccccc1,339.399,25,1.97,120.1,0.274,PAINS;Brenk,False,144,CC(CCC(C)CC1CCCCC1)CCC1CCCCC1
CHEMBL19349,32,0,Cc1cc(C#CCN2CCC(Cc3ccc(F)cc3)CC2)cc2[nH]c(O)nc12,377.463,28,4.022,52.15,0.256,PAINS;Brenk,False,143,C1CCC(CC2CCC(CCCC3CCC4CCCC4C3)CC2)CC1
CHEMBL22699,33,0,CCCCc1cccc(=O)n1Cc1ccc(-c2ccccc2C(=O)O)cc1,361.441,27,4.604,59.3,0.233,,False,142,CC1CCCCC1CC1CCC(C2CCCCC2)CC1
CHEMBL10746,34,0,CC(/C=C/C(=O)C1=C(O)CN(C)C1=O)=C\c1ccc(F)c2ccccc12,351.377,26,3.792,57.61,0.165,PAINS;Brenk,False,141,CC1CCCC1C(C)CCCCC1CCCC2CCCCC21
CHEMBL27049,35,0,C/C(=C(/Cl)C(=O)Nc1ccccc1C(=O)O)c1ccc2ccccc2c1,365.816,26,5.147,66.4,0.236,PAINS;Brenk,False,140,CC(CC1CCCCC1)CCC1CCC2CCCCC2C1
CHEMBL583947,36,0,O=c1[nH]c(CNCCc2cccc(O)c2)nc2c1sc1ccc(Cl)cc12,385.876,26,3.829,78.01,0.367,PAINS;Brenk,False,139,CC1CC(CCCCC2CCCCC2)CC2C1CC1CCCCC12
CHEMBL1163536,37,0,O=C(c1ccc(F)cc1)C1CCN(C(=O)c2cccc(C(F)(F)F)c2)CC1,379.353,27,4.58,37.38,0.295,,False,138,CC(C1CCCCC1)C1CCC(C(C)C2CCCCC2)CC1
CHEMBL21673,38,0,CN(C/C=C/c1ccccc1Cl)Cc1cccc2ccccc12,321.851,23,5.638,3.24,0.217,,False,137,C1CCC(CCCCCC2CCCC3CCCCC32)CC1
CHEMBL4553657,39,0,CC(c1cc2cccnc2cc1F)n1cnc2ncc(-c3ccncc3)nc21,370.391,28,4.185,69.38,0.176,,False,136,C1CCC(C2CCC3CCC(CC4CCC5CCCCC5C4)C3C2)CC1
CHEMBL547407,40,0,CCNC(=O)c1ccc(-n2nc(C)cc2-c2ccccc2)cc1,305.381,23,3.597,46.92,0.275,,False,135,C1CCC(C2CCCC2C2CCCCC2)CC1
CHEMBL14209,41,0,O=C1CC2(CCCC2)CC(=O)N1CCN1CCc2ccccc2C1,326.44,24,2.754,40.62,0.219,PAINS;Brenk,False,15,CC1CC2(CCCC2)CC(C)C1CCC1CCC2CCCCC2C1
CHEMBL19102,42,0,O=C(O)c1ccc(COc2cccc(OCc3ccc4ccccc4n3)c2)cc1,385.419,29,5.091,68.65,0.26,,False,24,C1CCC(CCC2CCCC(CCC3CCC4CCCCC4C3)C2)CC1
CHEMBL23766,43,0,O=C1CCc2cc3c(c4c5cccc(O)c5n1c24)CCNC3,292.338,22,2.732,54.26,0.205,,False,4,CC1CCC2CC3CCCCC3C3C4CCCCC4C1C23
CHEMBL28177,44,0,CC(CC(=O)Nc1ccccc1C(=O)O)c1ccc2ccccc2c1,333.387,25,4.67,66.4,0.309,,False,134,CC(CCC1CCC2CCCCC2C1)CC1CCCCC1
CHEMBL25666,45,0,Oc1cc2c(cc1Cc1ccccc1)OC(CCc1ccccc1)C2,330.427,25,4.919,29.46,0.225,,False,133,C1CCC(CCC2CC3CCC(CC4CCCCC4)CC3C2)CC1
CHEMBL25623,46,0,Nc1nc(C2CCN(CCc3ccccc3)CC2)c2ccccc2n1,332.451,25,3.634,55.04,0.278,,False,4,C1CCC(CCC2CCC(C3CCCC4CCCCC43)CC2)CC1
CHEMBL4435178,47,0,S=C(NNc1c2c(nc3ccccc13)CCCC2)Nc1ccc(Br)cc1,427.371,26,5.19,48.98,0.215,PAINS;Brenk,False,19,CC(CCC1C2CCCCC2CC2CCCCC21)CC1CCCCC1
CHEMBL26521,48,0,O=C1N[C@@H]2CCCC[C@H]2N1C1CCN(Cc2ccccc2)CC1,313.445,23,2.987,35.58,0.307,,False,132,CC1CC2CCCCC2C1C1CCC(CC2CCCCC2)CC1
CHEMBL4436519,49,0,OC1c2ccccc2CCC(NCCCc2ccccc2)C1O,311.425,23,2.618,52.49,0.265,PAINS;Brenk,False,131,C1CCC(CCCCC2CCC3CCCCC3CC2)CC1
CHEMBL24539,50,0,c1ccc(CN2CCC(n3nnc(-c4ccccc4)n3)CC2)cc1,319.412,24,3.177,46.84,0.244,,False,130,C1CCC(CC2CCC(C3CCC(C4CCCCC4)C3)CC2)CC1
CHEMBL23744,51,0,NS(=O)(=O)c1ccc(CNC(=O)c2cc3ccccc3oc2=O)cc1,358.375,25,1.37,119.47,0.225,PAINS;Brenk,False,1,CC(CCC1CCCCC1)C1CC2CCCCC2CC1C
CHEMBL21258,52,0,CC1(C)N=C(N)N=C(N)N1c1cccc(CNc2ccc(S(N)(=O)=O)cc2)c1,401.496,28,1.132,152.19,0.225,,False,129,C1CCC(CCC2CCCC(C3CCCCC3)C2)CC1
CHEMBL33205,53,0,CC1(C)N=C(N)N=C(N)N1c1cccc(OC[C@]23C[C@H]4C[C@H](C[C@H](C4)C2)C3)c1,381.524,28,3.467,89.23,0.173,,False,7,C1CCC(C2CCCC(CCC34CC5CC(CC(C5)C3)C4)C2)CC1
CHEMBL7498,54,0,CCCC/C(=C\Cn1oc(=O)[nH]c1=O)c1cccc(Oc2ccc(C)cc2)c1,380.444,28,4.504,77.23,0.202,,False,128,CC1CC(C)C(CCCC2CCCC(CC3CCCCC3)C2)C1
CHEMBL4436149,55,0,NC(=O)c1c(F)ccc(OCc2nn(Cc3ccc(Cl)cc3)c(=O)o2)c1F,395.749,27,2.494,100.35,0.202,,False,127,CC1CC(CCC2CCCCC2)CC1CC1CCCCC1
CHEMBL38078,56,0,O=C(CCCN1C2CCCC1c1c([nH]c3ccccc13)C2)c1ccc(F)cc1,376.475,28,5.422,36.1,0.273,PAINS,False,13,CC(CCCC1C2CCCC1C1C(C2)CC2CCCCC21)C1CCCCC1
CHEMBL21401,57,0,CC(=O)C1(c2cccc(OCc3ccc4c(ccc(=O)n4C)c3)c2)CCOCC1,391.467,29,3.755,57.53,0.211,,False,126,CC1CCC2CC(CCC3CCCC(C4CCCCC4)C3)CCC2C1
CHEMBL32302,58,0,O=C(O)c1cccc2c(=O)cc(-c3cccc(OCc4ccccc4)c3)oc12,372.376,28,4.737,76.74,0.213,,False,125,CC1CC(C2CCCC(CCC3CCCCC3)C2)CC2CCCCC12
CHEMBL42325,59,0,O=C(CCCCC(=O)Nc1nc2ccccc2[nH]1)Nc1nc2ccccc2[nH]1,376.42,28,3.577,115.56,0.21,PAINS;Brenk,False,16,CC(CCCCC(C)CC1CC2CCCCC2C1)CC1CC2CCCCC2C1
CHEMBL23776,60,0,O=c1oc2ncccc2n1CCCN1CCN(c2cccc3ccccc23)CC1,388.471,29,3.355,54.51,0.368,,False,124,CC1CC2CCCCC2C1CCCC1CCC(C2CCCC3CCCCC32)CC1
CHEMBL17634,61,0,CCS(=O)(=O)Nc1ccc2ccc(OCc3ccc4ccccc4n3)cc2c1,392.48,28,4.729,68.29,0.333,,False,123,C1CCC2CC(CCC3CCC4CCCCC4C3)CCC2C1
CHEMBL14185,62,0,Oc1ccc(Cl)cc1-n1nc(-c2cc(C(F)(F)F)cc(C(F)(F)F)c2)nc1O,423.7,28,5.037,71.17,0.167,,False,122,C1CCC(C2CCC(C3CCCCC3)C2)CC1
CHEMBL3310263,63,0,Cc1cc2ncn(CC(O)COc3ccc4c(C)cc(=O)oc4c3)c2cc1C,378.428,28,3.508,77.49,0.244,PAINS;Brenk,False,121,CC1CCC2CCC(CCCCC3CCC4CCCCC34)CC2C1
CHEMBL4435514,64,0,Nc1ncnc2c3c(n(-c4ccc(NC(=O)C(F)c5ccccc5)cc4)c12)CCC3,401.445,30,4.141,85.83,0.205,,False,5,CC(CC1CCCCC1)CC1CCC(C2C3CCCCC3C3CCCC32)CC1
CHEMBL14547,65,0,c1ccc(Cc2ccc(OCCn3cncc4ncnc3-4)cc2)cc1,330.391,25,3.448,52.83,0.216,,False,0,C1CCC(CC2CCC(CCCC3CCCC4CCCC34)CC2)CC1
CHEMBL4553177,66,0,Cn1nc(NC(CN)c2ccccc2)c2cc(-c3ccccc3Cl)ccc21,376.891,27,5.006,55.87,0.219,,False,120,C1CCC(CCC2CCC3CCC(C4CCCCC4)CC23)CC1
CHEMBL19133,67,0,N#Cc1ccc(Nc2c(NC(c3ccccc3)C(F)(F)F)c(=O)c2=O)cc1,371.318,27,3.613,81.99,0.192,PAINS;Brenk,False,119,CC1C(C)C(CC2CCCCC2)C1CCC1CCCCC1
CHEMBL14287,68,0,CCNC(=O)/C(C(=O)O)=C(C)\C=C\C=C(C)\C=C\C1=C(C)CCCC1(C)C,371.521,27,5.109,66.4,0.136,PAINS;Brenk,False,118,C1CCCCC1
CHEMBL7585,69,0,CC(CCc1ccccc1)NCC(O)c1cc(C(N)=O)c2[nH]ccc2c1,351.45,26,2.911,91.14,0.655,,False,117,C(CCCC1CCC2CCCC2C1)CCC1CCCCC1
CHEMBL28066,70,0,COC1(c2cc(F)cc(Sc3ccc4c(c3)CC/C4=N\O)c2)CCOCC1,387.476,27,4.754,51.05,0.171,PAINS;Brenk,False,23,CC1CCC2CC(CC3CCCC(C4CCCCC4)C3)CCC21
CHEMBL3310763,71,0,Fc1ccc(CNC2CCCn3nc(COc4ccccc4)cc32)cc1,351.425,26,4.226,39.08,0.233,,False,0,C1CCC(CCC2CC3CCCC(CCC4CCCCC4)C3C2)CC1
CHEMBL41605,72,0,CC(C)(Cc1ccc(I)cc1)NCC(O)c1ccc(O)c2nc(O)ccc12,478.33,27,3.895,85.61,0.42,PAINS;Brenk,False,116,C1CCC(CCCCCC2CCCC3CCCCC23)CC1
CHEMBL41255,73,0,CC(C)(Cc1ccc(N)cc1)NCC(O)c1ccc(O)c2nc(O)ccc12,367.449,27,2.873,111.63,0.426,PAINS;Brenk,False,115,C1CCC(CCCCCC2CCCC3CCCCC23)CC1
CHEMBL14366,74,0,COc1oc(=O)c2cc(NC(=O)CCc3ccccc3)ccc2c1Cl,357.793,25,4.026,68.54,0.286,,False,1,CC(CCC1CCCCC1)CC1CCC2CCCC(C)C2C1
CHEMBL39092,75,0,O=C(O)c1ccc2ccc(/C=C/c3ccc(O)c(O)c3)nc2c1O,323.304,24,3.22,110.88,0.179,PAINS;Brenk,False,114,C1CCC(CCC2CCC3CCCCC3C2)CC1
CHEMBL23718,76,0,O=C1CCc2cc3c(c4c5ccc(O)cc5n1c24)CCNC3,292.338,22,2.732,54.26,0.175,,False,113,CC1CCC2CC3CCCCC3C3C4CCCCC4C1C23
CHEMBL1094608,77,0,COc1ccccc1NC(=S)N/N=C/c1ccc2ccccc2n1,336.42,24,3.564,58.54,0.215,PAINS;Brenk,False,112,CC(CCCC1CCC2CCCCC2C1)CC1CCCCC1
CHEMBL4435939,78,0,N#Cc1ccc(CCc2nc3cc(-c4ccco4)cnc3[nH]2)cc1,314.348,24,3.875,78.5,0.202,,False,111,C1CCC(CCC2CC3CCC(C4CCCC4)CC3C2)CC1
CHEMBL24269,79,0,Cc1cccc2[nH]cc(CC(C)NCC(O)c3cccc(Cl)c3)c12,342.87,24,4.384,48.05,0.741,,False,110,C1CCC(CCCCCC2CCC3CCCCC23)CC1
CHEMBL3309272,80,0,Cc1nc2ccccn2c1C(=O)NNC(=O)c1ccc(Cl)cc1Cl,363.204,24,3.024,75.5,0.19,PAINS;Brenk,False,109,CC(CCC(C)C1CCC2CCCCC21)C1CCCCC1
CHEMBL35355,81,0,N=C(N)Nc1cccc(C(=O)Nc2ccc(/C=C/C(=O)O)cc2)c1,324.34,24,2.342,128.3,0.227,PAINS;Brenk,False,17,CC(CC1CCCCC1)C1CCCCC1
CHEMBL21614,82,0,O=[N+]([O-])c1ccc2ncn(CCc3noc(-c4ccccc4)n3)c2c1,335.323,25,3.237,99.88,0.194,PAINS;Brenk,False,108,C1CCC(C2CCC(CCC3CCC4CCCCC43)C2)CC1
CHEMBL37826,83,0,Cc1nc(-c2cccc(CSc3nnc(-c4ccncc4)o3)c2)no1,351.391,25,3.782,90.73,0.159,,False,107,C1CCC(C2CCC(CCC3CCCC(C4CCCC4)C3)C2)CC1
CHEMBL38740,84,0,O=C(Nc1ccccc1F)C1=C(O)CCn2c1nc1cccc(O)c12,339.326,25,3.193,87.38,0.21,,False,106,CC(CC1CCCCC1)C1CCCC2C3CCCCC3CC12
CHEMBL11670,85,0,COC(=O)Nc1nc2cc(C(=O)Nc3ccc(F)cc3)ccc2[nH]1,328.303,24,3.133,96.11,0.218,,False,105,CC(CC1CCCCC1)C1CCC2CCCC2C1
CHEMBL3309811,86,0,O=C(/C=C/c1ccc(O)c(O)c1)N1CCN(c2ccccc2F)CC1,342.37,25,2.599,64.01,0.19,PAINS;Brenk,False,12,CC(CCC1CCCCC1)C1CCC(C2CCCCC2)CC1
CHEMBL4436492,87,0,CN1C(=O)c2cccc3c(NS(=O)(=O)c4ccccc4Cl)ccc1c23,372.833,25,3.884,66.48,0.207,,False,104,CC1CC2CCC(CC(C)(C)C3CCCCC3)C3CCCC1C23
CHEMBL28346,88,0,COc1cccc2cc(-c3nc4c(=O)n(C)c(=O)n(C)c4[nH]3)oc12,326.312,24,1.382,95.05,0.235,,False,103,CC1CC(C)C2CC(C3CC4CCCCC4C3)CC2C1
CHEMBL24809,89,0,Cc1cc(-c2ccccc2)n(C2CCN(Cc3ccccc3)CC2)n1,331.463,25,4.696,21.06,0.253,,False,102,C1CCC(CC2CCC(C3CCCC3C3CCCCC3)CC2)CC1
CHEMBL34601,90,0,N#C/C(=C(/N)Sc1ccccc1N)c1cccc(C(O)C2CCCCC2)c1,379.529,27,4.826,96.06,0.202,PAINS;Brenk,False,101,C1CCC(CCCC2CCCC(CC3CCCCC3)C2)CC1
CHEMBL17803,91,0,c1ccc2c(c1)CCC(COc1ccc(OCCCc3nnn[nH]3)cc1)N2,365.437,27,3.017,84.95,0.197,PAINS;Brenk,False,100,C1CCC(CCCCC2CCC(CCC3CCC4CCCCC4C3)CC2)C1
CHEMBL23822,92,0,CC(=O)N[C@@H](Cc1cccc2ccccc12)C(=O)OCc1cc(C)cc(C)c1,375.468,28,4.247,55.4,0.27,,False,99,CC(CCC1CCCCC1)CCC1CCCC2CCCCC21
CHEMBL34287,93,0,O=C1C2CCCCN2C(=O)N1CN1CCN(c2cccc3c2OCCO3)CC1,386.452,28,1.354,65.56,0.212,PAINS;Brenk,False,98,CC1C(CC2CCC(C3CCCC4CCCCC43)CC2)C(C)C2CCCCC12
CHEMBL34731,94,0,CCc1ccc(C(=O)/C=C/c2ccc(C(=O)O)cc2)cc1CC,308.377,23,4.406,54.37,0.2,PAINS;Brenk,False,97,CC(CCC1CCCCC1)C1CCCCC1
CHEMBL22030,95,0,CN(CCC(=O)c1ccccc1)Cc1cccc2ccccc12,303.405,23,4.545,20.31,0.246,,False,96,CC(CCCCC1CCCC2CCCCC12)C1CCCCC1
CHEMBL13215,96,0,CC(C(=O)O)n1cc(C(=O)c2ccccc2F)c2ccccc21,311.312,23,3.657,59.3,0.203,,False,95,CC(C1CCCCC1)C1CCC2CCCCC21
CHEMBL7338,97,0,COc1ccc2[nH]c(C(=O)c3cc4cc(OC)ccc4[nH]3)cc2c1,320.348,24,3.897,67.11,0.276,,False,94,CC(C1CC2CCCCC2C1)C1CC2CCCCC2C1
CHEMBL4436211,98,0,C#Cc1ccc(/C=C/c2nc3c([N+](=O)[O-])csc3c(=O)[nH]2)cc1,323.333,23,3.045,88.89,0.143,PAINS;Brenk,False,93,CC1CC(CCC2CCCCC2)CC2CCCC12
CHEMBL15001,99,0,Cc1cccc(CSc2c(O)cc(-c3ccccc3)oc2=O)c1,324.401,23,4.613,50.44,0.237,,False,18,CC1CC(C2CCCCC2)CCC1CCC1CCCCC1
CHEMBL4435459,100,0,COc1ccc(OC)c(-c2cn3nc(-c4c[nH]c5ccccc45)sc3n2)c1,376.441,27,4.623,64.44,0.22,,False,1,C1CCC(C2CC3CC(C4CCC5CCCCC54)CC3C2)CC1
CHEMBL8644,101,0,COc1ccccc1N1CCN(CCCC2=CCCc3ccccc32)CC1,362.517,27,4.627,15.71,0.316,,False,92,C1CCC(C2CCC(CCCC3CCCC4CCCCC43)CC2)CC1
CHEMBL35409,102,0,N#C/C(=C(/N)Sc1ccc(N)cc1)c1cccc(C(=O)c2ccccc2)c1,371.465,27,4.443,92.9,0.176,PAINS;Brenk,False,91,CC(C1CCCCC1)C1CCCC(CCCC2CCCCC2)C1
CHEMBL18140,103,0,O=S(=O)(CC(F)(F)F)Nc1cccc(OCc2ccc3ccccc3n2)c1,396.39,27,4.118,68.29,0.262,,False,23,C1CCC(CCC2CCC3CCCCC3C2)CC1
CHEMBL1214259,104,0,CC(=O)Cc1cccc(-c2ccc3c(c2)CC(NS(=O)(=O)C(C)C)C3)c1,371.502,26,3.28,63.24,0.231,,False,90,C1CCC(C2CCC3CCCC3C2)CC1
CHEMBL24783,105,0,c1ccc(-c2[nH]c3ccccc3c2CCC2CCNCC2)cc1,304.437,23,4.767,27.82,0.221,,False,89,C1CCC(CCC2C3CCCCC3CC2C2CCCCC2)CC1
CHEMBL4434812,106,0,Oc1cc2ncnc(Nc3ccc(OCc4ccc(F)cc4)cc3)c2cc1O,377.375,28,4.503,87.5,0.246,PAINS;Brenk,False,88,C1CCC(CCC2CCC(CC3CCCC4CCCCC43)CC2)CC1
CHEMBL13751,107,0,O=C(NCc1ccccc1)NC1CCCC(NC(=O)NCc2ccccc2)C1,380.492,28,3.296,82.26,0.265,,False,87,CC(CCC1CCCCC1)CC1CCCC(CC(C)CCC2CCCCC2)C1
CHEMBL35093,108,0,Cc1ccc(N2CCN(CC[C@H]3NC(=O)c4ccccc43)CC2)cc1C,349.478,26,3.3,35.58,0.235,PAINS,False,6,CC1CC(CCC2CCC(C3CCCCC3)CC2)C2CCCCC12
CHEMBL14538,109,0,Nc1ccccc1OCCCN1CCC(c2noc3cc(F)ccc23)CC1,369.44,27,4.198,64.52,0.216,PAINS;Brenk,False,22,C1CCC(CCCCC2CCC(C3CCC4CCCCC43)CC2)CC1
CHEMBL38677,110,0,O=C1c2cccc(O)c2C(=O)c2c(O)cc(CN3CCCCC3)cc21,337.375,25,2.859,77.84,0.343,PAINS,False,86,CC1C2CCCCC2C(C)C2CC(CC3CCCCC3)CCC12
CHEMBL4543468,111,0,O=C(NCCc1ccccc1Cl)c1csc(-c2ccccc2)n1,342.851,23,4.436,41.99,0.347,,False,85,CC(CCCC1CCCCC1)C1CCC(C2CCCCC2)C1
CHEMBL3309373,112,0,NS(=O)(=O)c1ccc(OCc2nonc2-c2ccccc2)cc1,331.353,23,1.963,108.31,0.239,,False,22,C1CCC(CCC2CCCC2C2CCCCC2)CC1
CHEMBL10118,113,0,C[C@@]1(c2ccc(Oc3ccccc3)cc2)OC(=O)N(Nc2ccccc2)C1=O,374.396,28,4.7,67.87,0.221,,False,84,CC1CC(C2CCC(CC3CCCCC3)CC2)C(C)C1CC1CCCCC1
CHEMBL26889,114,0,CN(C)c1cccc2c(S(=O)(=O)Nc3onc4c3CCCC4)cccc12,371.462,26,3.573,75.44,0.208,,False,83,CC(C)(CC1CCC2CCCCC21)C1CCCC2CCCCC21
CHEMBL22248,115,0,CN1CCCC1CCNCCCCNCC1CCN(C(=O)Cc2cccc3ccccc23)CC1,464.698,34,4.065,47.61,0.213,PAINS;Brenk,False,82,CC(CC1CCCC2CCCCC21)C1CCC(CCCCCCCCCC2CCCC2)CC1
CHEMBL41745,116,0,COc1nc(N[C@@H](Cc2ccc(NC(=O)c3c(F)cccc3C(F)(F)F)cc2)C(=O)O)nc(OC)n1,509.416,36,3.407,135.56,0.256,,False,81,CC(CC1CCC(CCCC2CCCCC2)CC1)C1CCCCC1
CHEMBL571967,117,0,CCOC(=O)c1cc(-c2cccc(OCc3cc(F)ccc3F)c2)on1,359.328,26,4.376,61.56,0.253,,False,80,C1CCC(CCC2CCCC(C3CCCC3)C2)CC1
CHEMBL4435674,118,0,CC(C)(C)N1CCC(NC(=O)c2ccc(C(F)(F)F)cc2Cl)CC1,362.823,24,4.352,32.34,0.238,,False,9,CC(CC1CCCCC1)C1CCCCC1
CHEMBL4435874,119,0,COc1cc(NCc2cc3cc(F)ccc3[nH]c2=O)ccc1C#N,323.327,24,3.16,77.91,0.242,,False,79,CC1CC2CCCCC2CC1CCC1CCCCC1
CHEMBL34435,120,0,C=CCn1cc(-c2noc(C3CN4CCC3CC4)n2)c2ccccc21,334.423,25,3.687,47.09,0.198,PAINS;Brenk,False,78,C1CCC2C(C1)CCC2C1CCC(C2CC3CCC2CC3)C1
CHEMBL36558,121,0,CCN1CCC(COc2nc3ccccc3c3c2CCCCN3)CC1,339.483,25,4.094,37.39,0.253,,False,77,C1CCC(CCC2CC3CCCCC3C3CCCCCC23)CC1
CHEMBL24600,122,0,O=c1oc2ncccc2n1CCN1CCN(c2ccc(F)cc2)CC1,342.374,25,1.951,54.51,0.207,,False,21,CC1CC2CCCCC2C1CCC1CCC(C2CCCCC2)CC1
CHEMBL6687,123,0,Nc1nc(N)c2cc(NC(=O)CCc3ccc(Cl)cc3)ccc2n1,341.802,24,3.019,106.92,0.257,,False,76,CC(CCC1CCCCC1)CC1CCC2CCCCC2C1
CHEMBL14161,124,0,O=C1CC2(CCCC2)CC(=O)N1CCCCN1CCc2ccccc2C1,354.494,26,3.534,40.62,0.213,PAINS;Brenk,False,20,CC1CC2(CCCC2)CC(C)C1CCCCC1CCC2CCCCC2C1
CHEMBL27212,125,0,CCC1CN(CCc2c[nH]c3ccccc23)CCC12CNC(=O)O2,327.428,24,2.921,57.36,0.235,,False,75,CC1CCC2(CCC(CCC3CCC4CCCCC43)CC2)C1
CHEMBL33172,126,0,O=C(NCCc1c(-c2ccccc2)[nH]c2ccc(Cl)cc12)C1CCC1,352.865,25,4.947,44.89,0.218,,False,19,CC(CCCC1C2CCCCC2CC1C1CCCCC1)C1CCC1
CHEMBL35359,127,0,N=C(N)Nc1cccc(C(=O)Nc2ccc(/C=C/C(=O)O)c(Cl)c2)c1,358.785,25,2.995,128.3,0.237,PAINS;Brenk,False,74,CC(CC1CCCCC1)C1CCCCC1
CHEMBL29606,128,0,Cc1ccc(Nc2nc(Cl)nc3c2ncn3Cc2ccccc2)cc1,349.825,25,4.58,55.63,0.241,,False,73,C1CCC(CC2CCC3C(CC4CCCCC4)CCCC23)CC1
CHEMBL16869,129,0,COc1ccc(C(=O)/C=C/c2cc3ccccc3nc2Cl)c(OC)c1,353.805,25,4.802,48.42,0.205,PAINS;Brenk,False,72,CC(CCC1CCC2CCCCC2C1)C1CCCCC1
CHEMBL7481,130,0,Nc1nc(N)c2c(Cl)c(NC(=O)Cc3cccc(Br)c3)ccc2n1,406.671,24,3.391,106.92,0.216,,False,71,CC(CC1CCCCC1)CC1CCC2CCCCC2C1
CHEMBL19028,131,0,O=C(O)C(=O)CC(=O)c1ccc(C2CCCc3ccccc32)cc1,322.36,24,3.381,71.44,0.318,PAINS;Brenk,False,70,C1CCC(C2CCCC3CCCCC32)CC1
CHEMBL4553616,132,0,Cc1cc(NC(=O)c2ccc(Cl)cc2)ccc1NS(=O)(=O)C(F)(F)F,392.786,25,4.162,75.27,0.235,,False,18,CC(CC1CCCCC1)C1CCCCC1
CHEMBL33795,133,0,CCCn1c(=O)n(C)c(=O)c2[nH]c(/C=C/c3ccccc3)nc21,310.357,23,2.004,72.68,0.176,,False,4,CC1CC(C)C2CC(CCC3CCCCC3)CC2C1
CHEMBL25133,134,1,CC(Cc1c[nH]c2ccccc12)NCC(O)c1cccc(Cl)c1,328.843,23,4.076,48.05,1.0,,False,69,C1CCC(CCCCCC2CCC3CCCCC23)CC1
CHEMBL4560002,135,0,O=C1N[C@H](c2cncc(C#Cc3ccccc3)c2)[C@@H](c2ccc(F)cc2)O1,358.372,27,4.143,51.22,0.16,PAINS;Brenk,False,68,CC1CC(C2CCCCC2)C(C2CCCC(CCC3CCCCC3)C2)C1
CHEMBL9612,136,0,CN(CCc1ccc2c(c1)OCO2)C[C@@H]1CC[C@@H]2CCOc3cccc1c32,365.473,27,4.333,30.93,0.241,,False,67,C(CCC1CCC2CCCC3CCCC1C32)CC1CCC2CCCC2C1
CHEMBL8779,137,0,O=C(NCCC(c1ccccc1)c1ccccc1)c1cc2ccccc2[nH]1,354.453,27,5.12,44.89,0.312,,False,66,CC(CCCC(C1CCCCC1)C1CCCCC1)C1CC2CCCCC2C1
CHEMBL23963,138,0,COc1cc(NCc2cnc3nc(N)nc(N)c3c2C)cc(C(F)(F)F)c1,378.358,27,3.137,111.97,0.167,,False,65,C1CCC(CCC2CCC3CCCCC3C2)CC1
CHEMBL7496,139,0,O=C(c1cc2ccccc2[nH]1)c1cc2cc(OC(=O)C3CCC3)ccc2[nH]1,358.397,27,4.586,74.95,0.247,PAINS;Brenk,False,64,CC(CC1CCC2CC(C(C)C3CC4CCCCC4C3)CC2C1)C1CCC1
CHEMBL16428,140,0,O=C1CCC(CNC(=O)c2ccccc2)(c2ccccc2)CC1,307.393,23,3.498,46.17,0.254,,False,63,CC1CCC(CCC(C)C2CCCCC2)(C2CCCCC2)CC1
CHEMBL25334,141,0,CN1CCCCC1/C=C/C1c2ccccc2OC2C=CC=CC21,307.437,23,4.314,12.47,0.189,PAINS;Brenk,False,62,C1CCC(CCC2C3CCCCC3CC3CCCCC32)CC1
CHEMBL28203,142,0,O=CC(Cc1ccccc1)NC(=O)c1ccccc1Oc1ccccc1,345.398,26,4.019,55.4,0.333,PAINS;Brenk,False,11,CC(CCCC1CCCCC1)C1CCCCC1CC1CCCCC1
CHEMBL31134,143,0,COc1ccc2c(c1)C13CCN(CC4CCC4)C(C2)[C@@H]1C[C@H](C)C(=O)C3,353.506,26,3.979,29.54,0.211,,False,17,CC1CCC2C3CC4CCCCC4C2(CCC3CC2CCC2)C1
CHEMBL34691,144,0,O=C(NCc1ccccc1)C1CCCN1S(=O)(=O)CCc1ccccc1,372.49,26,2.34,66.48,0.247,,False,16,CC(CCC1CCCCC1)C1CCCC1C(C)(C)CCC1CCCCC1
CHEMBL3310965,145,0,COc1cc(/C=N/Nc2nc3ccccc3s2)cc(O)c1O,315.354,22,3.162,86.97,0.229,PAINS;Brenk,False,61,C1CCC(CCCC2CC3CCCCC3C2)CC1
CHEMBL20953,146,0,COC1(c2nccs2)CCc2ccc(OCc3ccc4ccccc4c3)cc21,387.504,28,5.712,31.35,0.232,,False,60,C1CCC2CC(CCC3CCC4CCC(C5CCCC5)C4C3)CCC2C1
CHEMBL30461,147,0,O=C(NCC1CN(Cc2ccccc2)CCO1)c1ccc2c(c1)OCO2,354.406,26,2.046,60.03,0.287,,False,59,CC(CCC1CCCC(CC2CCCCC2)C1)C1CCC2CCCC2C1
CHEMBL42679,148,0,O=C1CC(Cc2ccccc2)C(=O)N1OS(=O)(=O)c1ccc2ccccc2c1,395.436,28,3.078,80.75,0.256,PAINS;Brenk,False,58,CC1CC(CC2CCCCC2)C(C)C1CC(C)(C)C1CCC2CCCCC2C1
CHEMBL20825,149,0,CCOC(=O)[C@@H](Cc1ccc2ccccc2c1)NC(=O)c1cccc(C(=N)N)c1,389.455,29,3.028,105.27,0.302,PAINS;Brenk,False,57,CC(CCCC1CCC2CCCCC2C1)C1CCCCC1
CHEMBL35379,150,0,N#C/C(=C(/N)Sc1ccccc1N)c1cccc(C(O)c2cccc(F)c2)c1,391.471,28,4.433,96.06,0.198,PAINS;Brenk,False,56,C1CCC(CCCC2CCCC(CC3CCCCC3)C2)CC1
CHEMBL421,151,0,O=C(O)c1cc(/N=N/c2ccc(S(=O)(=O)Nc3ccccn3)cc2)ccc1O,398.4,28,3.702,141.31,0.237,PAINS;Brenk,False,55,CC(C)(CC1CCCCC1)C1CCC(CCC2CCCCC2)CC1
CHEMBL12173,152,0,O=C1NC(=O)C(CC#Cc2ccc(F)c(F)c2)(S(=O)(=O)c2ccc(F)cc2)S1,425.409,28,2.999,80.31,0.141,PAINS;Brenk,False,15,CC1CC(C)C(CCCC2CCCCC2)(C(C)(C)C2CCCCC2)C1
CHEMBL3310238,153,0,Cc1nc(NC(=O)c2ccc3c(c2)OCO3)c(C)c(C)c1O,300.314,22,2.693,80.68,0.182,,False,54,CC(CC1CCCCC1)C1CCC2CCCC2C1
CHEMBL19382,154,0,CN(C(=O)c1cc2cc(O)ccc2n1C)c1cccc(Cl)c1,314.772,22,3.814,45.47,0.21,,False,14,CC(CC1CCCCC1)C1CC2CCCCC2C1
CHEMBL36360,155,0,Cn1ccnc1NC(=O)c1c(C(F)(F)F)nc2c(C(F)(F)F)cccc2c1O,404.27,28,3.964,80.04,0.203,,False,53,CC(CC1CCCC1)C1CCC2CCCCC2C1
CHEMBL4434768,156,0,O=C1C=C(N[C@H](Cc2ccccc2)C(=O)Nc2cccc(Br)c2)C(=O)c2ccccc21,475.342,31,4.552,75.27,0.24,PAINS,False,52,CC(CC1CCCCC1)C(CC1CCCCC1)CC1CC(C)C2CCCCC2C1C
CHEMBL29751,157,0,O=C(c1ccc(Nc2ccnc3cc(C(F)(F)F)ccc23)cc1)N1CCNCC1,400.404,29,4.043,57.26,0.161,,False,13,CC(C1CCCCC1)C1CCC(CC2CCCC3CCCCC32)CC1
CHEMBL20721,158,0,OC1CC2CCCCC2CC1N1CCC(c2ccccc2)CC1,313.485,23,4.196,23.47,0.237,,False,51,C1CCC(C2CCC(C3CCC4CCCCC4C3)CC2)CC1
CHEMBL6841,159,0,Nc1nc(N)c2c(Cl)c(NC(=O)Cc3ccc(Br)cc3)ccc2n1,406.671,24,3.391,106.92,0.203,,False,50,CC(CC1CCCCC1)CC1CCC2CCCCC2C1
CHEMBL40061,160,0,O=C(NCCN1CCCCC1)C(c1ccccc1)c1ccccc1,322.452,24,3.421,32.34,0.233,,False,0,CC(CCCC1CCCCC1)C(C1CCCCC1)C1CCCCC1
CHEMBL3309727,161,0,O=C1NC(=S)NC(=O)C1C=C1c2ccccc2Cc2ccccc21,334.4,24,2.17,58.2,0.2,PAINS;Brenk,False,12,CC1CC(C)C(CC2C3CCCCC3CC3CCCCC32)C(C)C1
CHEMBL39603,162,0,CC(=O)c1ccc(OCc2ccc(CN3CCCCC3)cc2)cc1,323.436,24,4.454,29.54,0.266,,False,49,C1CCC(CCC2CCC(CC3CCCCC3)CC2)CC1
CHEMBL16493,163,0,CN(C)c1ccc(CNc2ccc(C3=NNC(=O)CC3)cc2)cc1,322.412,24,2.979,56.73,0.194,PAINS,False,3,CC1CCC(C2CCC(CCC3CCCCC3)CC2)CC1
CHEMBL23537,164,0,c1ccc(CN2CCC(n3nccc3-c3ccccc3)CC2)cc1,317.436,24,4.387,21.06,0.247,,False,48,C1CCC(CC2CCC(C3CCCC3C3CCCCC3)CC2)CC1
CHEMBL26899,165,0,CN(C)c1ccc(/C=C/c2nc3c(=O)n(C)c(=O)n(C)c3[nH]2)cc1,325.372,24,1.197,75.92,0.15,PAINS,False,47,CC1CC(C)C2CC(CCC3CCCCC3)CC2C1
CHEMBL17914,166,0,c1ccc(Nc2nc(NC3CCCCC3)nc3ccccc23)cc1,318.424,24,5.118,49.84,0.212,,False,11,C1CCC(CC2CC3CCCCC3C(CC3CCCCC3)C2)CC1
CHEMBL4434865,167,0,c1ccc(Cc2cn(C3CCN(Cc4ccccc4)CC3)nn2)cc1,332.451,25,3.706,33.95,0.244,,False,0,C1CCC(CC2CCC(C3CCC(CC4CCCCC4)C3)CC2)CC1
CHEMBL24542,168,0,CCCCc1ccc(-c2nc3cc4c(cc3[nH]2)C(C)(C)C(=O)N4)nc1,334.423,25,4.197,70.67,0.167,,False,46,CC1CC2CC3CC(C4CCCCC4)CC3CC2C1
CHEMBL36490,169,0,CCCc1ccc(-c2cc(Cl)cc(C(=O)Nc3nn[nH]n3)n2)cc1,342.79,24,3.12,96.45,0.238,,False,3,CC(CC1CCCC1)C1CCCC(C2CCCCC2)C1
CHEMBL36379,170,0,CN1C[C@H](CSc2ccccc2)C=C2c3cccc4c3[C@@H](CN4)C[C@H]21,348.515,25,4.705,15.27,0.157,,False,8,C1CCC(CCC2CCC3CC4CCC5CCCC(C3C2)C54)CC1
CHEMBL4436452,171,0,COc1ccc(-c2cn(CC(=O)c3ccc(F)cc3F)cn2)cc1,328.318,24,3.72,44.12,0.209,,False,45,CC(CC1CCC(C2CCCCC2)C1)C1CCCCC1
CHEMBL33960,172,0,COC(=O)Nc1ccc(Cl)c(-c2nc3cc(C(F)(F)F)ccc3s2)c1,386.782,25,5.814,51.22,0.195,,False,10,C1CCC(C2CC3CCCCC3C2)CC1
CHEMBL42356,173,0,COc1ccc(C(=O)Nc2cnc3c(c2)CNCC3(C)C)cc1Cl,345.83,24,3.377,63.25,0.21,,False,9,CC(CC1CCC2CCCCC2C1)C1CCCCC1
CHEMBL12844,174,0,CC(C)c1ccccc1Sc1c(O)cc(-c2ccccc2)oc1=O,338.428,24,5.287,50.44,0.219,,False,44,CC1CC(C2CCCCC2)CCC1CC1CCCCC1
CHEMBL32740,175,0,Cc1cc2cc(C(=O)N3CCC(N4C(=O)OCc5ccccc54)CC3)ccc2[nH]1,389.455,29,4.238,65.64,0.239,,False,8,CC1CCC2CCCCC2C1C1CCC(C(C)C2CCC3CCCC3C2)CC1
CHEMBL15286,176,0,CC1(C)C=C(C(=O)NCCCN2C(=O)C3CCCCC3C2=O)C(C)(C)N1,361.486,26,1.755,78.51,0.189,PAINS;Brenk,False,43,CC(CCCCC1C(C)C2CCCCC2C1C)C1CCCC1
CHEMBL17774,177,0,O=S(=O)(Nc1cccc(OCc2cnc3ccccc3n2)c1)C(F)(F)F,383.351,26,3.47,81.18,0.304,,False,42,C1CCC(CCC2CCC3CCCCC3C2)CC1
CHEMBL38634,178,0,c1ccc(CN2CCC3(CCc4ccccc4O3)CC2)cc1,293.41,22,4.046,12.47,0.229,,False,2,C1CCC(CC2CCC3(CC2)CCC2CCCCC2C3)CC1
CHEMBL4436565,179,0,CC1(Cc2ccccc2)C(=O)Nc2ccc(-c3nccn4nccc34)cc21,354.413,27,3.849,59.29,0.191,,False,41,CC1CC2CCC(C3CCCC4CCCC43)CC2C1CC1CCCCC1
CHEMBL14237,180,0,CN(C)c1ccc(-c2nnc3c4ccccc4c(N4CCCC4)nn23)cc1,358.449,27,3.611,49.56,0.167,,False,40,C1CCC(C2CCC3C2CC(C2CCCC2)C2CCCCC23)CC1
CHEMBL429,181,1,CC(CCc1ccccc1)NCC(O)c1ccc(O)c(C(N)=O)c1,328.412,24,2.135,95.58,1.0,,False,39,C(CCCC1CCCCC1)CCC1CCCCC1
CHEMBL17020,182,0,O=S(=O)(Nc1ccccc1SCc1ccc2ccccc2n1)C(F)(F)F,398.431,26,4.789,59.06,0.202,,False,38,C1CCC(CCC2CCC3CCCCC3C2)CC1
CHEMBL27032,183,0,COc1cccc(/C=C/c2nc3c(=O)n(C)c(=O)n(C)c3[nH]2)c1,312.329,23,1.139,81.91,0.269,,False,2,CC1CC(C)C2CC(CCC3CCCCC3)CC2C1
CHEMBL4436160,184,0,Cc1nnc(CNc2nc3ccccc3n2Cc2ccccc2)s1,335.436,24,3.857,55.63,0.19,,False,37,C1CCC(CC2C(CCC3CCCC3)CC3CCCCC32)CC1
CHEMBL37233,185,0,CCCC[n+]1cccc(/C=C/c2nc3cc(C)c(C)cc3[nH]2)c1,306.433,23,4.438,32.56,0.171,PAINS;Brenk,False,36,C1CCC(CCC2CC3CCCCC3C2)CC1
CHEMBL26393,186,1,C[C@H](Cc1c[nH]c2ccccc12)NC[C@H](O)c1cccc(Cl)c1,328.843,23,4.076,48.05,1.0,,False,35,C1CCC(CCCCCC2CCC3CCCCC23)CC1
CHEMBL36920,187,0,O=C(O)c1ccccc1NS(=O)(=O)c1ccc2ccccc2c1,327.361,23,3.339,83.47,0.354,,False,34,CC(C)(CC1CCCCC1)C1CCC2CCCCC2C1
CHEMBL28046,188,0,COc1ccccc1/C=C/c1nc2c(=O)n(C)c(=O)n(C)c2[nH]1,312.329,23,1.139,81.91,0.198,,False,7,CC1CC(C)C2CC(CCC3CCCCC3)CC2C1
CHEMBL4436169,189,0,COc1ccc(C(=O)CNc2ccc3oc(=O)ccc3c2)cc1,309.321,23,3.096,68.54,0.221,PAINS;Brenk,False,3,CC1CCC2CC(CCC(C)C3CCCCC3)CCC2C1
CHEMBL10317,190,0,CN(CCc1ccc2c(c1)OCO2)C[C@@H]1CC[C@H]2CCOc3cccc1c32,365.473,27,4.333,30.93,0.241,,False,6,C(CCC1CCC2CCCC3CCCC1C32)CC1CCC2CCCC2C1
CHEMBL3310377,191,0,O=C(NCCc1ccccc1)NNC(=O)c1cc([N+](=O)[O-])c[nH]1,317.305,23,1.11,129.16,0.241,PAINS;Brenk,False,33,CC(CCCC1CCCCC1)CCC(C)C1CCCC1
CHEMBL25724,192,0,Cc1ccc2c(CC(C)NCC(O)c3cccc(Cl)c3)c[nH]c2c1,342.87,24,4.384,48.05,0.792,,False,32,C1CCC(CCCCCC2CCC3CCCCC23)CC1
CHEMBL8647,193,0,CN(C)C(=O)C1CCCN(CCC(=O)c2ccc(O)c(O)c2[N+](=O)[O-])C1,365.386,26,1.379,124.22,0.197,PAINS;Brenk,False,31,CC(CCC1CCCCC1)C1CCCCC1
CHEMBL42066,194,0,O=C(COc1ccc(Cl)cc1C(=O)C1CCCC1)Nc1ccccc1,357.837,25,4.73,55.4,0.25,,False,30,CC(CCC1CCCCC1C(C)C1CCCC1)CC1CCCCC1
CHEMBL4435391,195,0,c1ccc(Cn2c(NCc3cc4ccccc4o3)nc3ccccc32)cc1,353.425,27,5.443,42.99,0.213,,False,29,C1CCC(CC2C(CCC3CC4CCCCC4C3)CC3CCCCC32)CC1
CHEMBL36586,196,0,O=C(O)c1ccc2ccc(/C=C/c3ccc(O)cc3O)nc2c1O,323.304,24,3.22,110.88,0.155,,False,28,C1CCC(CCC2CCC3CCCCC3C2)CC1
CHEMBL20203,197,0,CN(C)CCN1C(=O)c2ccc(Cl)c3c(Cl)ccc(c23)C1=O,337.206,22,3.304,40.62,0.187,PAINS;Brenk,False,2,CC1CC(C)C2CCCC3CCCC1C32
CHEMBL10815,198,0,CC(c1ccccc1)N1C(=O)c2c(F)c(F)c(F)c(F)c2C1=O,323.245,23,3.6,37.38,0.197,PAINS;Brenk,False,27,CC1C(CC2CCCCC2)C(C)C2CCCCC12
CHEMBL22417,199,0,O=C(N[C@@H]1C(=O)N(Cc2ccccc2)C[C@@H]1C(=O)O)c1ccc2ccccc2c1,388.423,29,2.681,86.71,0.231,,False,26,CC(CC1CCC(CC2CCCCC2)C1C)C1CCC2CCCCC2C1
CHEMBL4434887,200,0,O=C(/C=C/c1ccccc1Oc1nnnn1-c1ccccc1)c1ccccc1,368.396,28,4.351,69.9,0.169,PAINS;Brenk,False,1,CC(CCC1CCCCC1CC1CCCC1C1CCCCC1)C1CCCCC1
