,ex4_best,ex8_best,ex4_mean,ex8_mean,n_conf_ex8,heavy_atoms,ex4_ha,ex8_ha,rank_ex4_best,rank_ex8_best,rank_ex4_ha,rank_ex8_ha,enopt_ha_rank,old_decoy_rank,is_known_active,delta_best,rank_delta_best
CHEMBL35040,-12.28,-11.68,-11.515,-11.305,7,28.0,-0.43857142857142856,-0.41714285714285715,1,25,51,118,17,1932,0,0.5999999999999996,24
CHEMBL708,-12.11,-11.59,-11.594999999999999,-10.906666666666666,7,28.0,-0.4325,-0.4139285714285714,2,33,63,133,3,8214,0,0.5199999999999996,31
CHEMBL4436565,-12.06,-12.11,-11.535000000000002,-11.349666666666666,7,27.0,-0.4466666666666667,-0.4485185185185185,3,4,27,35,179,12293,0,-0.049999999999998934,1
CHEMBL38677,-12.0,-11.94,-10.828166666666666,-10.863833333333334,7,25.0,-0.48,-0.47759999999999997,4,8,5,7,110,3284,0,0.0600000000000005,4
CHEMBL21401,-11.94,-11.84,-11.38,-11.44,7,29.0,-0.41172413793103446,-0.4082758620689655,5,15,145,141,57,6184,0,0.09999999999999964,10
CHEMBL23776,-11.93,-12.02,-11.453333333333333,-11.005,7,29.0,-0.41137931034482755,-0.4144827586206896,6,5,146,128,60,2987,0,-0.08999999999999986,-1
CHEMBL4434768,-11.89,-11.92,-11.435,-11.428333333333335,7,31.0,-0.3835483870967742,-0.38451612903225807,8,9,199,194,156,65,0,-0.02999999999999936,1
CHEMBL14237,-11.89,-12.12,-10.252,-10.552166666666666,7,27.0,-0.4403703703703704,-0.44888888888888884,8,3,46,33,180,16719,0,-0.22999999999999865,-5
CHEMBL7496,-11.89,-11.91,-11.171666666666667,-11.205,7,27.0,-0.4403703703703704,-0.4411111111111111,8,10,46,55,139,294,0,-0.019999999999999574,2
CHEMBL4560002,-11.89,-11.87,-11.1475,-11.028500000000001,7,27.0,-0.4403703703703704,-0.4396296296296296,8,12,46,57,135,1632,0,0.02000000000000135,4
CHEMBL4435514,-11.84,-11.68,-11.545,-11.226666666666667,7,30.0,-0.39466666666666667,-0.3893333333333333,11,25,180,186,64,1147,0,0.16000000000000014,14
CHEMBL20953,-11.83,-11.6,-11.256666666666668,-11.270000000000001,7,28.0,-0.4225,-0.41428571428571426,12,31,108,131,146,1410,0,0.23000000000000043,19
CHEMBL37097,-11.82,-11.87,-11.2845,-11.341666666666667,7,27.0,-0.43777777777777777,-0.4396296296296296,13,12,55,57,1,411,0,-0.049999999999998934,-1
CHEMBL42325,-11.79,-11.8,-11.286666666666667,-11.26,7,28.0,-0.42107142857142854,-0.42142857142857143,14,17,113,108,59,359,0,-0.010000000000001563,3
CHEMBL4435713,-11.73,-11.22,-11.016666666666667,-10.72,7,29.0,-0.40448275862068966,-0.38689655172413795,15,68,155,191,10,9,0,0.5099999999999998,53
CHEMBL41745,-11.72,-11.88,-11.007833333333336,-11.185166666666667,7,36.0,-0.3255555555555556,-0.33,16,11,201,200,116,270,0,-0.16000000000000014,-5
CHEMBL36360,-11.7,-10.74,-10.175166666666668,-9.736500000000001,7,28.0,-0.4178571428571428,-0.38357142857142856,17,105,124,197,155,14985,0,0.9599999999999991,88
CHEMBL29751,-11.69,-11.71,-11.253333333333332,-11.208333333333334,7,29.0,-0.40310344827586203,-0.4037931034482759,19,21,161,153,157,409,0,-0.02000000000000135,2
CHEMBL23766,-11.69,-11.5,-9.994666666666665,-9.927,7,22.0,-0.5313636363636364,-0.5227272727272727,19,41,2,2,43,17169,0,0.1899999999999995,22
CHEMBL25299,-11.69,-11.4,-10.771833333333333,-10.4395,7,24.0,-0.4870833333333333,-0.47500000000000003,19,50,4,8,25,924,0,0.28999999999999915,31
CHEMBL3311046,-11.69,-11.85,-11.155666666666667,-11.243166666666667,7,26.0,-0.4496153846153846,-0.45576923076923076,19,14,22,25,12,5741,0,-0.16000000000000014,-5
CHEMBL20507,-11.67,-11.78,-11.299999999999999,-11.305,7,27.0,-0.43222222222222223,-0.4362962962962963,22,20,64,64,2,1246,0,-0.10999999999999943,-2
CHEMBL21908,-11.66,-11.68,-11.213333333333333,-11.196666666666667,7,27.0,-0.4318518518518519,-0.4325925925925926,23,25,67,66,5,939,0,-0.019999999999999574,2
CHEMBL34464,-11.66,-11.57,-10.948500000000001,-10.914666666666667,7,25.0,-0.4664,-0.4628,23,37,7,17,30,1510,0,0.08999999999999986,14
CHEMBL10118,-11.65,-11.64,-10.796833333333334,-11.121666666666668,7,28.0,-0.4160714285714286,-0.41571428571428576,25,27,129,126,113,1946,0,0.009999999999999787,2
CHEMBL32302,-11.65,-12.02,-11.311666666666667,-11.585,7,28.0,-0.4160714285714286,-0.42928571428571427,25,5,129,79,58,24,0,-0.3699999999999992,-20
CHEMBL4434887,-11.63,-11.48,-11.226666666666667,-11.098333333333334,7,28.0,-0.41535714285714287,-0.41000000000000003,27,43,133,140,200,406,0,0.15000000000000036,16
CHEMBL27049,-11.63,-11.56,-11.17,-11.148333333333333,7,26.0,-0.44730769230769235,-0.44461538461538463,27,38,26,46,35,64,0,0.07000000000000028,11
CHEMBL4435625,-11.61,-11.69,-11.298333333333332,-11.171666666666667,7,30.0,-0.38699999999999996,-0.38966666666666666,29,22,193,185,15,751,0,-0.08000000000000007,-7
CHEMBL41719,-11.6,-11.59,-11.127666666666668,-11.234333333333334,7,27.0,-0.42962962962962964,-0.42925925925925923,30,33,75,80,7,814,0,0.009999999999999787,3
CHEMBL4553177,-11.6,-11.54,-10.543,-10.739166666666668,7,27.0,-0.42962962962962964,-0.4274074074074074,30,39,75,91,66,1264,0,0.0600000000000005,9
CHEMBL22417,-11.58,-11.79,-11.165,-10.701333333333332,7,29.0,-0.3993103448275862,-0.406551724137931,33,18,168,145,199,35,0,-0.20999999999999908,-15
CHEMBL42108,-11.58,-11.61,-11.21,-10.969999999999999,7,27.0,-0.4288888888888889,-0.43,33,30,80,75,4,1512,0,-0.02999999999999936,-3
CHEMBL34924,-11.58,-11.19,-11.059666666666667,-10.868,7,27.0,-0.4288888888888889,-0.41444444444444445,33,72,80,129,8,941,0,0.39000000000000057,39
CHEMBL39490,-11.58,-11.64,-11.108333333333334,-11.121666666666664,7,25.0,-0.4632,-0.4656,33,27,8,15,6,85,0,-0.0600000000000005,-6
CHEMBL4435391,-11.56,-11.58,-11.148333333333333,-11.315,7,27.0,-0.42814814814814817,-0.4288888888888889,36,35,83,82,195,30,0,-0.019999999999999574,-1
CHEMBL13751,-11.55,-11.58,-10.985,-11.016666666666666,7,28.0,-0.41250000000000003,-0.4135714285714286,37,35,142,135,107,1718,0,-0.02999999999999936,-2
CHEMBL23718,-11.55,-11.26,-9.807833333333333,-9.946,7,22.0,-0.525,-0.5118181818181818,37,63,3,4,76,18402,0,0.2900000000000009,26
CHEMBL38078,-11.54,-11.59,-11.083333333333334,-10.979666666666667,7,28.0,-0.4121428571428571,-0.4139285714285714,39,33,143,133,56,47,0,-0.05000000000000071,-6
CHEMBL4434812,-11.53,-11.62,-10.976666666666667,-10.978833333333334,7,28.0,-0.41178571428571425,-0.415,40,29,144,127,106,162,0,-0.08999999999999986,-11
CHEMBL25666,-11.52,-11.45,-10.940166666666668,-10.855666666666666,7,25.0,-0.4608,-0.45799999999999996,41,44,12,22,45,4364,0,0.07000000000000028,3
CHEMBL571967,-11.51,-11.51,-10.5415,-10.512666666666666,7,26.0,-0.44269230769230766,-0.44269230769230766,42,40,38,50,117,75,0,0.0,-2
CHEMBL4560026,-11.51,-11.27,-11.075000000000001,-11.156666666666666,7,29.0,-0.3968965517241379,-0.3886206896551724,42,60,172,187,26,495,0,0.2400000000000002,18
CHEMBL25623,-11.5,-10.64,-11.055,-10.39,7,25.0,-0.46,-0.42560000000000003,44,116,14,96,46,1719,0,0.8599999999999994,72
CHEMBL4435940,-11.48,-11.19,-10.867333333333335,-10.539,7,27.0,-0.4251851851851852,-0.41444444444444445,46,72,94,129,28,1049,0,0.2900000000000009,26
CHEMBL9308,-11.48,-11.49,-11.036666666666667,-11.056666666666667,7,26.0,-0.44153846153846155,-0.4419230769230769,46,42,41,52,9,5914,0,-0.009999999999999787,-4
CHEMBL1214259,-11.48,-11.82,-10.975999999999999,-11.250166666666667,7,26.0,-0.44153846153846155,-0.45461538461538464,46,16,41,27,104,8878,0,-0.33999999999999986,-30
CHEMBL14185,-11.46,-11.42,-11.075000000000001,-11.07,7,28.0,-0.4092857142857143,-0.40785714285714286,48,46,147,142,62,73,0,0.040000000000000924,-2
CHEMBL4435069,-11.42,-11.17,-11.016666666666666,-10.813333333333333,7,28.0,-0.40785714285714286,-0.3989285714285714,49,77,148,168,13,61,0,0.25,28
CHEMBL17634,-11.41,-11.35,-11.065499999999998,-10.9245,7,28.0,-0.40750000000000003,-0.40535714285714286,50,53,149,149,61,46,0,0.0600000000000005,3
CHEMBL10746,-11.4,-12.16,-11.017666666666665,-11.281166666666666,7,26.0,-0.43846153846153846,-0.4676923076923077,51,2,52,12,34,9390,0,-0.7599999999999998,-49
CHEMBL22699,-11.39,-11.32,-10.591166666666666,-10.560833333333333,7,27.0,-0.42185185185185187,-0.4192592592592593,52,57,110,113,33,4407,0,0.07000000000000028,5
CHEMBL583947,-11.38,-11.41,-10.880333333333333,-10.893333333333333,7,26.0,-0.4376923076923077,-0.43884615384615383,53,48,56,60,36,2620,0,-0.02999999999999936,-5
CHEMBL32740,-11.38,-13.11,-11.11,-11.801666666666668,7,29.0,-0.3924137931034483,-0.45206896551724135,53,1,185,28,175,1308,0,-1.7299999999999986,-52
CHEMBL28177,-11.37,-11.18,-10.915000000000001,-10.719833333333332,7,25.0,-0.4548,-0.4472,55,75,18,39,44,1429,0,0.1899999999999995,20
CHEMBL37483,-11.35,-11.69,-11.008333333333333,-11.258666666666668,7,28.0,-0.40535714285714286,-0.4175,58,22,152,117,29,5913,0,-0.33999999999999986,-36
CHEMBL4435459,-11.35,-11.45,-10.766833333333333,-10.928833333333332,7,27.0,-0.42037037037037034,-0.42407407407407405,58,44,116,100,100,3145,0,-0.09999999999999964,-14
CHEMBL13137,-11.35,-11.4,-10.868333333333332,-10.915000000000001,7,25.0,-0.45399999999999996,-0.456,58,50,19,24,18,4493,0,-0.05000000000000071,-8
CHEMBL33205,-11.35,-11.79,-10.693333333333333,-11.036666666666667,7,28.0,-0.40535714285714286,-0.42107142857142854,58,18,152,111,53,233,0,-0.4399999999999995,-40
CHEMBL8779,-11.35,-11.41,-11.111666666666666,-11.08,7,27.0,-0.42037037037037034,-0.4225925925925926,58,48,116,105,137,330,0,-0.0600000000000005,-10
CHEMBL3310263,-11.32,-11.27,-11.045,-10.996666666666664,7,28.0,-0.4042857142857143,-0.40249999999999997,61,60,156,157,63,74,0,0.05000000000000071,-1
CHEMBL34287,-11.31,-10.51,-10.556333333333333,-10.301,7,28.0,-0.40392857142857147,-0.37535714285714283,62,131,159,198,93,559,0,0.8000000000000007,69
CHEMBL26842,-11.3,-11.01,-10.876666666666665,-10.72,7,27.0,-0.41851851851851857,-0.4077777777777778,63,87,121,143,27,530,0,0.2900000000000009,24
CHEMBL1163536,-11.3,-11.24,-10.927833333333332,-11.066666666666665,7,27.0,-0.41851851851851857,-0.41629629629629633,63,65,121,121,37,145,0,0.0600000000000005,2
CHEMBL19349,-11.28,-11.41,-10.864833333333335,-11.019999999999998,7,28.0,-0.40285714285714286,-0.40750000000000003,66,48,162,144,32,1755,0,-0.13000000000000078,-18
CHEMBL23822,-11.28,-11.28,-10.719999999999999,-10.729999999999999,7,28.0,-0.40285714285714286,-0.40285714285714286,66,59,162,156,92,4191,0,0.0,-7
CHEMBL8644,-11.28,-10.68,-10.753333333333332,-10.394499999999999,7,27.0,-0.41777777777777775,-0.39555555555555555,66,112,125,173,101,187,0,0.5999999999999996,46
CHEMBL23963,-11.28,-11.26,-10.893333333333333,-10.706666666666669,7,27.0,-0.41777777777777775,-0.41703703703703704,66,63,125,120,138,130,0,0.019999999999999574,-3
CHEMBL35020,-11.26,-11.19,-10.88,-10.871666666666668,7,28.0,-0.40214285714285714,-0.39964285714285713,69,72,164,166,11,8,0,0.07000000000000028,3
CHEMBL4435178,-11.23,-11.19,-10.804666666666668,-10.783166666666666,7,26.0,-0.43192307692307697,-0.43038461538461537,70,72,66,74,47,2125,0,0.040000000000000924,2
CHEMBL20751,-11.23,-11.18,-10.662,-10.520333333333332,7,27.0,-0.4159259259259259,-0.41407407407407404,70,75,131,132,23,1,0,0.05000000000000071,5
CHEMBL22248,-11.2,-10.97,-10.446666666666665,-10.341166666666666,7,34.0,-0.32941176470588235,-0.32264705882352945,72,89,200,201,115,331,0,0.22999999999999865,17
CHEMBL34293,-11.2,-11.1,-10.856666666666667,-10.6875,7,28.0,-0.39999999999999997,-0.3964285714285714,72,80,167,172,21,3,0,0.09999999999999964,8
CHEMBL28358,-11.19,-10.8,-10.893333333333333,-10.56,7,29.0,-0.3858620689655172,-0.3724137931034483,74,101,194,199,19,13,0,0.3899999999999988,27
CHEMBL36002,-11.19,-10.95,-10.706333333333333,-10.607666666666667,7,25.0,-0.4476,-0.43799999999999994,74,91,25,61,31,2795,0,0.2400000000000002,17
CHEMBL9612,-11.18,-11.1,-10.941666666666668,-10.774999999999999,7,27.0,-0.41407407407407404,-0.4111111111111111,76,80,138,137,136,20,0,0.08000000000000007,4
CHEMBL19102,-11.18,-11.23,-10.906666666666666,-10.980000000000002,7,29.0,-0.3855172413793103,-0.38724137931034486,76,66,195,190,42,1023,0,-0.05000000000000071,-10
CHEMBL35093,-11.17,-11.38,-10.811666666666667,-10.898333333333333,7,26.0,-0.4296153846153846,-0.4376923076923077,78,52,77,62,108,1625,0,-0.21000000000000085,-26
CHEMBL27037,-11.17,-10.93,-10.575666666666669,-10.645,7,27.0,-0.4137037037037037,-0.4048148148148148,78,93,140,150,24,920,0,0.2400000000000002,15
CHEMBL20825,-11.16,-11.14,-10.808333333333332,-10.844999999999999,7,29.0,-0.38482758620689655,-0.3841379310344828,80,79,196,196,149,4114,0,0.019999999999999574,-1
CHEMBL10317,-11.14,-11.08,-10.838833333333334,-10.831666666666669,7,27.0,-0.4125925925925926,-0.4103703703703704,81,84,141,138,190,1981,0,0.0600000000000005,3
CHEMBL29371,-11.13,-11.29,-10.708333333333334,-10.766666666666666,7,28.0,-0.3975,-0.4032142857142857,82,58,171,154,22,5,0,-0.15999999999999837,-24
CHEMBL12173,-11.11,-11.23,-10.521666666666667,-10.660666666666666,7,28.0,-0.39678571428571424,-0.4010714285714286,83,66,173,163,152,459,0,-0.120000000000001,-17
CHEMBL17703,-11.06,-10.33,-10.671,-10.037833333333333,7,26.0,-0.4253846153846154,-0.3973076923076923,84,151,93,171,16,1503,0,0.7300000000000004,67
CHEMBL22620,-11.06,-10.95,-10.705,-10.682,7,28.0,-0.395,-0.39107142857142857,84,91,178,180,20,2793,0,0.11000000000000121,7
CHEMBL7035,-11.04,-11.09,-10.768666666666666,-10.816333333333333,7,26.0,-0.42461538461538456,-0.42653846153846153,86,82,98,94,14,3003,0,-0.05000000000000071,-4
CHEMBL21258,-11.01,-11.21,-10.558666666666666,-10.583833333333335,7,28.0,-0.3932142857142857,-0.4003571428571429,87,70,183,165,52,304,0,-0.20000000000000107,-17
CHEMBL4553657,-10.98,-10.96,-10.721666666666666,-10.435500000000001,7,28.0,-0.3921428571428572,-0.39142857142857146,88,90,186,178,39,1343,0,0.019999999999999574,2
CHEMBL7498,-10.98,-10.92,-10.606166666666667,-10.615,7,28.0,-0.3921428571428572,-0.39,88,95,186,182,54,1086,0,0.0600000000000005,7
CHEMBL42679,-10.97,-11.33,-10.523333333333333,-10.950000000000001,7,28.0,-0.3917857142857143,-0.40464285714285714,90,55,188,151,148,1925,0,-0.35999999999999943,-35
CHEMBL19133,-10.95,-10.91,-10.464333333333334,-10.313666666666665,7,27.0,-0.4055555555555555,-0.4040740740740741,91,96,151,152,67,424,0,0.03999999999999915,5
CHEMBL421,-10.95,-11.01,-10.6825,-10.667166666666667,7,28.0,-0.39107142857142857,-0.3932142857142857,91,87,190,177,151,8273,0,-0.0600000000000005,-4
CHEMBL23744,-10.89,-10.83,-10.275333333333334,-10.268833333333333,7,25.0,-0.43560000000000004,-0.43320000000000003,93,98,61,65,51,2088,0,0.0600000000000005,5
CHEMBL35379,-10.86,-10.76,-10.551666666666668,-10.453999999999999,7,28.0,-0.38785714285714284,-0.3842857142857143,94,103,192,195,150,363,0,0.09999999999999964,9
CHEMBL14161,-10.85,-11.15,-10.350833333333334,-10.5985,7,26.0,-0.41730769230769227,-0.4288461538461539,95,78,127,83,124,3623,0,-0.3000000000000007,-17
CHEMBL3310763,-10.82,-10.55,-10.305833333333334,-10.222333333333331,7,26.0,-0.41615384615384615,-0.40576923076923077,96,126,128,148,71,306,0,0.2699999999999996,30
CHEMBL14547,-10.78,-10.69,-10.260333333333334,-10.293166666666666,7,25.0,-0.43119999999999997,-0.4276,97,110,71,89,65,7784,0,0.08999999999999986,13
CHEMBL14366,-10.78,-10.71,-10.275666666666668,-10.213000000000001,7,25.0,-0.43119999999999997,-0.42840000000000006,97,108,71,85,74,590,0,0.06999999999999851,11
CHEMBL28066,-10.74,-10.81,-10.286666666666667,-10.468666666666667,7,27.0,-0.3977777777777778,-0.4003703703703704,99,100,170,164,70,469,0,-0.07000000000000028,1
CHEMBL41255,-10.71,-10.55,-10.330166666666667,-10.005166666666668,7,27.0,-0.3966666666666667,-0.3907407407407408,100,126,174,181,73,587,0,0.16000000000000014,26
CHEMBL35409,-10.69,-10.67,-10.430666666666665,-10.38,7,27.0,-0.3959259259259259,-0.3951851851851852,101,113,176,174,102,870,0,0.019999999999999574,12
CHEMBL41605,-10.69,-10.62,-10.374,-10.343,7,27.0,-0.3959259259259259,-0.3933333333333333,101,118,176,176,72,415,0,0.07000000000000028,17
CHEMBL21614,-10.68,-10.64,-10.408333333333333,-10.375166666666667,7,25.0,-0.42719999999999997,-0.42560000000000003,103,116,84,96,82,1762,0,0.03999999999999915,13
CHEMBL7338,-10.67,-10.75,-10.027000000000001,-9.987166666666667,7,24.0,-0.44458333333333333,-0.4479166666666667,104,104,31,37,97,2307,0,-0.08000000000000007,0
CHEMBL33172,-10.66,-10.53,-10.26,-10.115166666666667,7,25.0,-0.4264,-0.42119999999999996,105,129,89,110,126,2631,0,0.13000000000000078,24
CHEMBL18140,-10.66,-10.48,-10.393666666666666,-10.27966666666667,7,27.0,-0.39481481481481484,-0.3881481481481482,105,134,179,188,103,4505,0,0.17999999999999972,29
CHEMBL29606,-10.65,-10.4,-10.1135,-9.978499999999999,7,25.0,-0.426,-0.41600000000000004,107,141,90,124,128,2171,0,0.25,34
CHEMBL24783,-10.64,-10.73,-9.946,-10.173,7,23.0,-0.46260869565217394,-0.4665217391304348,108,106,9,13,105,12374,0,-0.08999999999999986,-2
CHEMBL4436492,-10.64,-10.57,-10.357000000000001,-10.3135,7,25.0,-0.42560000000000003,-0.4228,108,122,91,104,87,1548,0,0.07000000000000028,14
CHEMBL4436149,-10.63,-10.56,-10.306666666666667,-10.2935,7,27.0,-0.3937037037037037,-0.39111111111111113,110,124,181,179,55,4250,0,0.07000000000000028,14
CHEMBL24809,-10.62,-10.48,-10.245666666666665,-10.131,7,25.0,-0.42479999999999996,-0.4192,111,134,97,114,89,4109,0,0.1399999999999988,23
CHEMBL34435,-10.61,-10.59,-10.214,-10.199833333333332,7,25.0,-0.4244,-0.4236,112,121,100,102,120,2279,0,0.019999999999999574,9
CHEMBL31134,-10.59,-10.02,-10.179666666666668,-9.188166666666667,7,26.0,-0.4073076923076923,-0.3853846153846154,113,194,150,193,143,505,0,0.5700000000000003,81
CHEMBL35359,-10.59,-10.4,-10.220833333333333,-10.220333333333334,7,25.0,-0.4236,-0.41600000000000004,113,141,105,124,127,2407,0,0.1899999999999995,28
CHEMBL14287,-10.57,-11.08,-10.260333333333334,-10.4155,7,27.0,-0.3914814814814815,-0.4103703703703704,115,84,189,138,68,3009,0,-0.5099999999999998,-31
CHEMBL38740,-10.57,-11.22,-10.3185,-10.576166666666667,7,25.0,-0.4228,-0.44880000000000003,115,68,107,34,84,1546,0,-0.6500000000000004,-47
CHEMBL36379,-10.56,-11.26,-10.073833333333335,-10.282166666666667,7,25.0,-0.4224,-0.45039999999999997,117,63,109,32,170,2310,0,-0.6999999999999993,-54
CHEMBL17914,-10.56,-11.33,-10.032666666666666,-10.407833333333334,7,24.0,-0.44,-0.47208333333333335,117,55,48,9,166,6039,0,-0.7699999999999996,-62
CHEMBL3309272,-10.54,-11.06,-10.2365,-10.602666666666666,7,24.0,-0.43916666666666665,-0.4608333333333334,119,86,50,20,80,4388,0,-0.5200000000000014,-33
CHEMBL24542,-10.54,-10.56,-10.136999999999999,-10.070333333333334,7,25.0,-0.4216,-0.4224,119,124,112,106,168,6020,0,-0.02000000000000135,5
CHEMBL8647,-10.53,-10.57,-9.997833333333332,-10.094666666666667,7,26.0,-0.40499999999999997,-0.40653846153846157,121,122,154,146,193,7743,0,-0.040000000000000924,1
CHEMBL21673,-10.53,-10.77,-10.1285,-10.234166666666667,7,23.0,-0.4578260869565217,-0.4682608695652174,121,102,15,11,38,5762,0,-0.2400000000000002,-19
CHEMBL14209,-10.52,-10.84,-10.277666666666667,-10.325166666666666,7,24.0,-0.4383333333333333,-0.45166666666666666,123,97,53,29,41,1044,0,-0.3200000000000003,-26
CHEMBL36558,-10.52,-10.05,-10.125333333333332,-9.703333333333333,7,25.0,-0.4208,-0.402,123,188,115,158,121,2365,0,0.46999999999999886,65
CHEMBL15286,-10.51,-10.69,-10.206666666666665,-10.308166666666667,7,26.0,-0.4042307692307692,-0.41115384615384615,125,110,157,136,176,6012,0,-0.17999999999999972,-15
CHEMBL26889,-10.51,-10.26,-10.191,-9.961,7,26.0,-0.4042307692307692,-0.3946153846153846,125,165,157,175,114,3928,0,0.25,40
CHEMBL17803,-10.5,-10.53,-10.234166666666667,-10.252,7,27.0,-0.3888888888888889,-0.38999999999999996,127,129,191,183,91,677,0,-0.02999999999999936,2
CHEMBL25334,-10.49,-11.95,-10.000333333333334,-10.827333333333334,7,23.0,-0.45608695652173914,-0.5195652173913043,129,7,16,3,141,724,0,-1.459999999999999,-122
CHEMBL24539,-10.49,-10.01,-10.021166666666668,-9.606499999999999,7,24.0,-0.4370833333333333,-0.4170833333333333,129,195,57,119,50,2264,0,0.4800000000000004,66
CHEMBL7585,-10.49,-10.43,-10.1415,-10.166500000000001,7,26.0,-0.4034615384615385,-0.40115384615384614,129,139,160,162,69,3012,0,0.0600000000000005,10
CHEMBL4553616,-10.48,-10.45,-10.160000000000002,-10.124,7,25.0,-0.4192,-0.418,132,137,119,116,132,2408,0,0.030000000000001137,5
CHEMBL4434865,-10.48,-10.65,-10.028833333333333,-10.27,7,25.0,-0.4192,-0.426,132,115,119,95,167,2341,0,-0.16999999999999993,-17
CHEMBL36586,-10.48,-10.37,-10.033999999999999,-10.030166666666666,7,24.0,-0.4366666666666667,-0.4320833333333333,132,144,58,69,196,4992,0,0.11000000000000121,12
CHEMBL37233,-10.47,-10.49,-9.952666666666667,-10.0035,7,23.0,-0.45521739130434785,-0.45608695652173914,134,132,17,23,185,8002,0,-0.019999999999999574,-2
CHEMBL39603,-10.46,-10.27,-10.007000000000001,-9.884,7,24.0,-0.43583333333333335,-0.42791666666666667,135,162,60,88,162,1380,0,0.19000000000000128,27
CHEMBL17774,-10.42,-10.45,-10.101999999999999,-10.125166666666667,7,26.0,-0.40076923076923077,-0.4019230769230769,136,137,165,160,177,2146,0,-0.02999999999999936,1
CHEMBL30461,-10.42,-10.37,-10.099499999999999,-10.028166666666667,7,26.0,-0.40076923076923077,-0.3988461538461538,136,144,165,169,147,7171,0,0.05000000000000071,8
CHEMBL24600,-10.39,-9.983,-10.003666666666668,-9.727666666666666,7,25.0,-0.4156,-0.39932,138,197,132,167,122,2271,0,0.40700000000000003,59
CHEMBL14538,-10.38,-10.53,-10.076333333333334,-10.180166666666667,7,27.0,-0.3844444444444445,-0.38999999999999996,140,129,197,183,109,3929,0,-0.14999999999999858,-11
CHEMBL4436169,-10.38,-10.36,-9.925333333333334,-9.9275,7,23.0,-0.45130434782608697,-0.4504347826086956,140,147,21,31,189,8046,0,0.02000000000000135,7
CHEMBL37826,-10.38,-10.71,-10.170500000000002,-10.372833333333334,7,25.0,-0.4152,-0.42840000000000006,140,108,135,85,83,4105,0,-0.33000000000000007,-32
CHEMBL34601,-10.38,-10.47,-10.204166666666667,-10.2205,7,27.0,-0.3844444444444445,-0.3877777777777778,140,136,197,189,90,4921,0,-0.08999999999999986,-4
CHEMBL24269,-10.37,-10.37,-10.071833333333332,-10.078333333333331,7,24.0,-0.4320833333333333,-0.4320833333333333,144,144,65,69,79,4104,0,0.0,0
CHEMBL3309811,-10.37,-10.03,-10.057999999999998,-9.716166666666668,7,25.0,-0.41479999999999995,-0.4012,144,192,136,161,86,1228,0,0.33999999999999986,48
CHEMBL33960,-10.37,-10.4,-9.830833333333333,-9.867333333333333,7,25.0,-0.41479999999999995,-0.41600000000000004,144,141,136,124,172,5253,0,-0.030000000000001137,-3
CHEMBL4435674,-10.36,-9.986,-10.022,-9.6815,7,24.0,-0.43166666666666664,-0.41608333333333336,147,196,68,122,118,2135,0,0.3739999999999988,49
CHEMBL23537,-10.36,-10.15,-9.918000000000001,-9.773333333333332,7,24.0,-0.43166666666666664,-0.42291666666666666,147,181,68,103,164,2231,0,0.20999999999999908,34
CHEMBL17020,-10.36,-10.48,-10.173333333333332,-10.267666666666669,7,26.0,-0.3984615384615384,-0.4030769230769231,147,134,169,155,182,9216,0,-0.120000000000001,-13
CHEMBL11670,-10.35,-10.34,-10.166,-10.104666666666667,7,24.0,-0.43124999999999997,-0.43083333333333335,149,149,70,72,85,8672,0,0.009999999999999787,0
CHEMBL16869,-10.35,-10.05,-10.134333333333332,-9.817666666666666,7,25.0,-0.414,-0.402,149,188,139,158,129,2338,0,0.29999999999999893,39
CHEMBL33795,-10.34,-10.3,-9.922166666666667,-9.972499999999998,7,23.0,-0.44956521739130434,-0.44782608695652176,151,157,23,38,133,8371,0,0.03999999999999915,6
CHEMBL27212,-10.33,-10.21,-9.974833333333333,-9.937833333333334,7,24.0,-0.43041666666666667,-0.4254166666666667,152,174,74,98,125,2204,0,0.11999999999999922,22
CHEMBL16428,-10.31,-10.31,-9.961500000000001,-9.699666666666667,7,23.0,-0.44826086956521743,-0.44826086956521743,153,154,24,36,140,7074,0,0.0,1
CHEMBL19028,-10.3,-11.08,-9.972333333333333,-10.703666666666669,7,24.0,-0.4291666666666667,-0.46166666666666667,155,84,78,19,131,1391,0,-0.7799999999999994,-71
CHEMBL6687,-10.3,-10.6,-9.969666666666667,-10.200833333333334,7,24.0,-0.4291666666666667,-0.44166666666666665,155,120,78,53,123,1387,0,-0.29999999999999893,-35
CHEMBL28203,-10.3,-10.34,-9.94,-9.997500000000002,7,26.0,-0.3961538461538462,-0.3976923076923077,155,149,175,170,142,1559,0,-0.03999999999999915,-6
CHEMBL20203,-10.28,-10.18,-8.882833333333334,-8.841666666666667,7,22.0,-0.46727272727272723,-0.4627272727272727,157,177,6,18,197,474,0,0.09999999999999964,20
CHEMBL35355,-10.28,-10.37,-10.103333333333333,-10.153999999999998,7,24.0,-0.4283333333333333,-0.4320833333333333,157,144,82,69,81,1224,0,-0.08999999999999986,-13
CHEMBL3310377,-10.26,-10.28,-9.897166666666665,-9.868166666666667,7,23.0,-0.44608695652173913,-0.4469565217391304,159,160,28,40,191,3397,0,-0.019999999999999574,1
CHEMBL28346,-10.25,-10.25,-10.062833333333334,-10.066,7,24.0,-0.4270833333333333,-0.4270833333333333,160,167,85,92,88,1126,0,0.0,7
CHEMBL39092,-10.25,-10.26,-10.019166666666665,-10.0465,7,24.0,-0.4270833333333333,-0.4275,160,165,85,90,75,1225,0,-0.009999999999999787,5
CHEMBL6841,-10.24,-10.31,-9.977166666666667,-10.024333333333333,7,24.0,-0.4266666666666667,-0.4295833333333334,162,154,87,77,159,2257,0,-0.07000000000000028,-8
CHEMBL42356,-10.24,-10.31,-9.857000000000001,-9.954666666666666,7,24.0,-0.4266666666666667,-0.4295833333333334,162,154,87,77,173,1357,0,-0.07000000000000028,-8
CHEMBL15001,-10.23,-10.17,-9.836500000000001,-9.821,7,23.0,-0.44478260869565217,-0.44217391304347825,165,178,29,51,99,2110,0,0.0600000000000005,13
CHEMBL34691,-10.23,-10.03,-9.936,-9.666166666666667,7,26.0,-0.3934615384615385,-0.38576923076923075,165,192,182,192,144,2504,0,0.20000000000000107,27
CHEMBL26521,-10.23,-10.67,-9.870166666666668,-10.172333333333333,7,23.0,-0.44478260869565217,-0.46391304347826084,165,113,29,16,48,2372,0,-0.4399999999999995,-52
CHEMBL1094608,-10.21,-10.11,-9.819166666666668,-9.767166666666666,7,24.0,-0.4254166666666667,-0.42124999999999996,168,185,92,109,77,731,0,0.10000000000000142,17
CHEMBL26393,-10.21,-10.26,-9.794166666666667,-9.845,7,23.0,-0.4439130434782609,-0.44608695652173913,168,165,32,42,186,878,1,-0.049999999999998934,-3
CHEMBL4436519,-10.21,-10.83,-9.852166666666667,-10.260833333333332,7,23.0,-0.4439130434782609,-0.4708695652173913,168,98,32,10,49,4307,0,-0.6199999999999992,-70
CHEMBL20721,-10.2,-11.33,-9.742833333333332,-10.552833333333334,7,23.0,-0.4434782608695652,-0.4926086956521739,171,55,34,5,158,4315,0,-1.1300000000000008,-116
CHEMBL16493,-10.2,-10.25,-9.858666666666666,-9.816666666666668,7,24.0,-0.425,-0.4270833333333333,171,167,95,92,163,2205,0,-0.05000000000000071,-4
CHEMBL4435939,-10.2,-10.17,-9.790166666666666,-9.744,7,24.0,-0.425,-0.42375,171,178,95,101,78,730,0,0.02999999999999936,7
CHEMBL40061,-10.19,-10.35,-9.895333333333333,-9.837833333333332,7,24.0,-0.4245833333333333,-0.43124999999999997,174,148,99,71,160,1379,0,-0.16000000000000014,-26
CHEMBL4436211,-10.19,-10.14,-9.81333333333333,-9.797333333333333,7,23.0,-0.44304347826086954,-0.44086956521739135,174,183,36,56,98,2299,0,0.049999999999998934,9
CHEMBL3309373,-10.19,-10.22,-9.927833333333332,-9.945666666666666,7,23.0,-0.44304347826086954,-0.44434782608695655,174,172,36,47,112,733,0,-0.030000000000001137,-2
CHEMBL10815,-10.19,-10.72,-9.668333333333331,-10.1315,7,23.0,-0.44304347826086954,-0.46608695652173915,174,107,36,14,198,8518,0,-0.5300000000000011,-67
CHEMBL3309727,-10.18,-10.93,-9.812666666666667,-9.634000000000002,7,24.0,-0.42416666666666664,-0.45541666666666664,178,93,102,26,161,2179,0,-0.75,-85
CHEMBL26899,-10.18,-10.29,-9.811666666666666,-9.856333333333334,7,24.0,-0.42416666666666664,-0.42874999999999996,178,159,102,84,165,9066,0,-0.10999999999999943,-19
CHEMBL7481,-10.18,-10.28,-9.972166666666665,-10.017333333333335,7,24.0,-0.42416666666666664,-0.4283333333333333,178,160,102,87,130,2107,0,-0.09999999999999964,-18
CHEMBL4435874,-10.17,-10.33,-9.886333333333335,-9.958499999999999,7,24.0,-0.42375,-0.43041666666666667,180,151,104,73,119,2218,0,-0.16000000000000014,-29
CHEMBL429,-10.16,-10.3,-9.7455,-9.785666666666666,7,24.0,-0.42333333333333334,-0.4291666666666667,182,157,106,81,181,120,1,-0.14000000000000057,-25
CHEMBL547407,-10.16,-10.24,-9.711666666666666,-9.803666666666667,7,23.0,-0.44173913043478263,-0.44521739130434784,182,169,39,43,40,2729,0,-0.08000000000000007,-13
CHEMBL34731,-10.16,-10.21,-9.7815,-9.827166666666665,7,23.0,-0.44173913043478263,-0.4439130434782609,182,174,39,48,94,7308,0,-0.05000000000000071,-8
CHEMBL38634,-10.15,-9.936,-9.702499999999999,-9.707833333333332,7,22.0,-0.46136363636363636,-0.4516363636363636,184,199,10,30,178,3293,0,0.2140000000000004,15
CHEMBL13215,-10.15,-10.2,-9.664666666666667,-9.838666666666668,7,23.0,-0.44130434782608696,-0.4434782608695652,184,176,43,49,96,5717,0,-0.049999999999998934,-8
CHEMBL3310238,-10.14,-10.62,-9.789000000000001,-10.055333333333332,7,22.0,-0.46090909090909093,-0.48272727272727267,186,118,11,6,153,2576,0,-0.47999999999999865,-68
CHEMBL4543468,-10.14,-10.15,-9.883166666666666,-9.939333333333332,7,23.0,-0.44086956521739135,-0.44130434782608696,186,181,44,54,111,3985,0,-0.009999999999999787,-5
CHEMBL19382,-10.13,-10.08,-9.566666666666668,-9.5425,7,22.0,-0.4604545454545455,-0.4581818181818182,188,187,13,21,154,696,0,0.05000000000000071,-1
CHEMBL4436160,-10.12,-10.21,-9.905499999999998,-9.953166666666666,7,24.0,-0.42166666666666663,-0.4254166666666667,189,174,111,98,184,3788,0,-0.09000000000000163,-15
CHEMBL25133,-10.12,-10.24,-9.865333333333334,-9.888833333333332,7,23.0,-0.43999999999999995,-0.44521739130434784,189,169,49,43,134,340,1,-0.120000000000001,-20
CHEMBL36490,-10.1,-10.1,-9.781833333333333,-9.795833333333334,7,24.0,-0.42083333333333334,-0.42083333333333334,191,186,114,112,169,2362,0,0.0,-5
CHEMBL22030,-10.07,-10.27,-9.853,-9.477833333333335,7,23.0,-0.43782608695652175,-0.44652173913043475,192,162,54,41,95,2360,0,-0.1999999999999993,-30
CHEMBL4436452,-10.07,-10.04,-9.8615,-9.859166666666665,7,24.0,-0.41958333333333336,-0.4183333333333333,192,190,118,115,171,1378,0,0.030000000000001137,-2
CHEMBL12844,-10.04,-10.13,-9.673166666666667,-9.725833333333334,7,24.0,-0.4183333333333333,-0.42208333333333337,194,184,123,107,174,7120,0,-0.09000000000000163,-10
CHEMBL28046,-10.04,-10.04,-9.7285,-9.753833333333334,7,23.0,-0.43652173913043474,-0.43652173913043474,194,190,59,63,188,541,0,0.0,-4
CHEMBL25724,-9.966,-10.31,-9.833,-9.748166666666668,7,24.0,-0.41524999999999995,-0.4295833333333334,196,154,134,77,192,3752,0,-0.3440000000000012,-42
CHEMBL36920,-9.965,-9.947,-9.823666666666668,-9.714333333333334,7,23.0,-0.43326086956521737,-0.4324782608695652,197,198,62,67,187,3701,0,0.018000000000000682,1
CHEMBL3310965,-9.939,-9.671,-9.606,-9.493833333333333,7,22.0,-0.45177272727272727,-0.4395909090909091,198,200,20,59,145,540,0,0.2680000000000007,2
CHEMBL27032,-9.907,-10.23,-9.748166666666664,-9.943333333333333,7,23.0,-0.4307391304347826,-0.44478260869565217,199,171,73,45,183,6951,0,-0.3230000000000004,-28
CHEMBL42066,-9.826,-10.15,-9.716,-9.983666666666666,7,25.0,-0.39304,-0.406,200,181,184,147,194,918,0,-0.32399999999999984,-19
CHEMBL776,-8.367,-8.068,-7.663500000000002,-7.4063333333333325,7,15.0,-0.5578000000000001,-0.5378666666666666,201,201,1,1,19209,27659,0,0.29900000000000126,0
