ligand_id,conformation_id,best_score_kcal_mol,status
CHEMBL37097,inactive_carazolol_5D5A,-11.87,ready
CHEMBL37097,active_hbi_4LDL,-11.11,ready
CHEMBL37097,inactive_carazolol_2RH1,-11.52,ready
CHEMBL37097,active_bi167107_4LDE,-11.59,ready
CHEMBL708,inactive_carazolol_5D5A,-11.59,ready
CHEMBL37097,active_gs_complex_3SN6,-10.09,ready
CHEMBL708,inactive_carazolol_2RH1,-11.25,ready
CHEMBL20507,inactive_carazolol_2RH1,-11.62,ready
CHEMBL20507,active_bi167107_4LDE,-11.03,ready
CHEMBL20507,inactive_carazolol_5D5A,-11.78,ready
CHEMBL20507,active_gs_complex_3SN6,-10.35,ready
CHEMBL20507,active_hbi_4LDL,-11.27,ready
CHEMBL42108,inactive_carazolol_5D5A,-11.61,ready
CHEMBL708,active_bi167107_4LDE,-10.36,ready
CHEMBL42108,inactive_carazolol_2RH1,-11.49,ready
CHEMBL708,active_hbi_4LDL,-10.0,ready
CHEMBL708,active_gs_complex_3SN6,-10.65,ready
CHEMBL42108,active_gs_complex_3SN6,-10.43,ready
CHEMBL42108,active_bi167107_4LDE,-10.3,ready
CHEMBL21908,inactive_carazolol_2RH1,-11.23,ready
CHEMBL42108,active_hbi_4LDL,-10.38,ready
CHEMBL21908,inactive_carazolol_5D5A,-11.68,ready
CHEMBL21908,active_gs_complex_3SN6,-10.25,ready
CHEMBL21908,active_bi167107_4LDE,-11.06,ready
CHEMBL39490,inactive_carazolol_2RH1,-10.76,ready
CHEMBL39490,inactive_carazolol_5D5A,-10.89,ready
CHEMBL39490,active_hbi_4LDL,-11.64,ready
CHEMBL39490,active_gs_complex_3SN6,-10.23,ready
CHEMBL21908,active_hbi_4LDL,-11.28,ready
CHEMBL39490,active_bi167107_4LDE,-11.57,ready
CHEMBL41719,inactive_carazolol_2RH1,-11.37,ready
CHEMBL41719,inactive_carazolol_5D5A,-11.59,ready
CHEMBL41719,active_gs_complex_3SN6,-9.946,ready
CHEMBL41719,active_hbi_4LDL,-11.46,ready
CHEMBL41719,active_bi167107_4LDE,-11.45,ready
CHEMBL34924,inactive_carazolol_2RH1,-10.99,ready
CHEMBL34924,active_gs_complex_3SN6,-9.738,ready
CHEMBL34924,inactive_carazolol_5D5A,-11.19,ready
CHEMBL9308,inactive_carazolol_2RH1,-10.91,ready
CHEMBL34924,active_hbi_4LDL,-11.02,ready
CHEMBL9308,inactive_carazolol_5D5A,-10.87,ready
CHEMBL34924,active_bi167107_4LDE,-11.08,ready
CHEMBL9308,active_bi167107_4LDE,-11.49,ready
CHEMBL9308,active_gs_complex_3SN6,-10.09,ready
CHEMBL9308,active_hbi_4LDL,-11.49,ready
CHEMBL3311046,inactive_carazolol_5D5A,-11.56,ready
CHEMBL3311046,inactive_carazolol_2RH1,-10.96,ready
CHEMBL35020,inactive_carazolol_2RH1,-10.72,ready
CHEMBL3311046,active_gs_complex_3SN6,-9.499,ready
CHEMBL35020,active_gs_complex_3SN6,-10.13,ready
CHEMBL35020,inactive_carazolol_5D5A,-10.97,ready
CHEMBL3311046,active_bi167107_4LDE,-11.85,ready
CHEMBL4435713,active_gs_complex_3SN6,-10.23,ready
CHEMBL35020,active_hbi_4LDL,-11.03,ready
CHEMBL4435713,inactive_carazolol_2RH1,-10.47,ready
CHEMBL4435713,inactive_carazolol_5D5A,-9.97,ready
CHEMBL35020,active_bi167107_4LDE,-11.19,ready
CHEMBL3311046,active_hbi_4LDL,-11.74,ready
CHEMBL4435713,active_hbi_4LDL,-11.22,ready
CHEMBL4435713,active_bi167107_4LDE,-11.21,ready
CHEMBL7035,inactive_carazolol_5D5A,-10.96,ready
CHEMBL4435069,inactive_carazolol_5D5A,-10.91,ready
CHEMBL7035,inactive_carazolol_2RH1,-10.89,ready
CHEMBL4435069,inactive_carazolol_2RH1,-11.17,ready
CHEMBL7035,active_hbi_4LDL,-11.09,ready
CHEMBL4435069,active_gs_complex_3SN6,-10.01,ready
CHEMBL7035,active_gs_complex_3SN6,-9.918,ready
CHEMBL7035,active_bi167107_4LDE,-10.95,ready
CHEMBL4435069,active_hbi_4LDL,-10.86,ready
CHEMBL4435069,active_bi167107_4LDE,-10.76,ready
CHEMBL4435625,inactive_carazolol_2RH1,-11.45,ready
CHEMBL17703,inactive_carazolol_2RH1,-10.07,ready
CHEMBL17703,active_gs_complex_3SN6,-9.361,ready
CHEMBL17703,inactive_carazolol_5D5A,-10.19,ready
CHEMBL4435625,inactive_carazolol_5D5A,-11.69,ready
CHEMBL17703,active_bi167107_4LDE,-9.946,ready
CHEMBL17703,active_hbi_4LDL,-10.33,ready
CHEMBL4435625,active_bi167107_4LDE,-11.06,ready
CHEMBL4435625,active_hbi_4LDL,-10.97,ready
CHEMBL35040,inactive_carazolol_2RH1,-11.48,ready
CHEMBL4435625,active_gs_complex_3SN6,-10.17,ready
CHEMBL35040,inactive_carazolol_5D5A,-11.68,ready
CHEMBL35040,active_gs_complex_3SN6,-10.3,ready
CHEMBL13137,active_gs_complex_3SN6,-10.18,ready
CHEMBL13137,inactive_carazolol_2RH1,-10.63,ready
CHEMBL35040,active_bi167107_4LDE,-11.47,ready
CHEMBL35040,active_hbi_4LDL,-11.22,ready
CHEMBL13137,inactive_carazolol_5D5A,-10.72,ready
CHEMBL13137,active_hbi_4LDL,-11.4,ready
CHEMBL13137,active_bi167107_4LDE,-11.16,ready
CHEMBL28358,inactive_carazolol_2RH1,-10.3,ready
CHEMBL28358,inactive_carazolol_5D5A,-10.8,ready
CHEMBL28358,active_gs_complex_3SN6,-10.08,ready
CHEMBL28358,active_bi167107_4LDE,-10.7,ready
CHEMBL28358,active_hbi_4LDL,-10.68,ready
CHEMBL34293,inactive_carazolol_2RH1,-10.46,ready
CHEMBL34293,inactive_carazolol_5D5A,-10.84,ready
CHEMBL22620,active_gs_complex_3SN6,-9.932,ready
CHEMBL22620,inactive_carazolol_2RH1,-10.79,ready
CHEMBL22620,active_bi167107_4LDE,-10.8,ready
CHEMBL22620,inactive_carazolol_5D5A,-10.67,ready
CHEMBL22620,active_hbi_4LDL,-10.95,ready
CHEMBL34293,active_gs_complex_3SN6,-9.535,ready
CHEMBL34293,active_hbi_4LDL,-11.09,ready
CHEMBL20751,inactive_carazolol_2RH1,-9.862,ready
CHEMBL20751,inactive_carazolol_5D5A,-10.2,ready
CHEMBL34293,active_bi167107_4LDE,-11.1,ready
CHEMBL20751,active_gs_complex_3SN6,-10.11,ready
CHEMBL29371,inactive_carazolol_5D5A,-10.37,ready
CHEMBL20751,active_hbi_4LDL,-11.18,ready
CHEMBL20751,active_bi167107_4LDE,-10.59,ready
CHEMBL29371,active_bi167107_4LDE,-10.94,ready
CHEMBL29371,active_gs_complex_3SN6,-10.27,ready
CHEMBL29371,inactive_carazolol_2RH1,-10.44,ready
CHEMBL25299,inactive_carazolol_2RH1,-11.36,ready
CHEMBL25299,inactive_carazolol_5D5A,-11.4,ready
CHEMBL25299,active_gs_complex_3SN6,-9.072,ready
CHEMBL25299,active_hbi_4LDL,-9.596,ready
CHEMBL29371,active_hbi_4LDL,-11.29,ready
CHEMBL27037,inactive_carazolol_2RH1,-10.54,ready
CHEMBL25299,active_bi167107_4LDE,-9.809,ready
CHEMBL27037,inactive_carazolol_5D5A,-10.55,ready
CHEMBL27037,active_gs_complex_3SN6,-10.05,ready
CHEMBL27037,active_bi167107_4LDE,-10.87,ready
CHEMBL27037,active_hbi_4LDL,-10.93,ready
CHEMBL4560026,inactive_carazolol_5D5A,-11.15,ready
CHEMBL4560026,inactive_carazolol_2RH1,-10.93,ready
CHEMBL4560026,active_gs_complex_3SN6,-11.06,ready
CHEMBL26842,active_gs_complex_3SN6,-10.25,ready
CHEMBL4560026,active_bi167107_4LDE,-11.27,ready
CHEMBL26842,inactive_carazolol_5D5A,-10.6,ready
CHEMBL26842,inactive_carazolol_2RH1,-10.57,ready
CHEMBL4435940,inactive_carazolol_2RH1,-10.2,ready
CHEMBL4560026,active_hbi_4LDL,-11.26,ready
CHEMBL4435940,inactive_carazolol_5D5A,-10.27,ready
CHEMBL26842,active_hbi_4LDL,-11.01,ready
CHEMBL26842,active_bi167107_4LDE,-10.88,ready
CHEMBL4435940,active_gs_complex_3SN6,-9.614,ready
CHEMBL4435940,active_bi167107_4LDE,-11.19,ready
CHEMBL34464,inactive_carazolol_2RH1,-10.57,ready
CHEMBL34464,inactive_carazolol_5D5A,-10.79,ready
CHEMBL4435940,active_hbi_4LDL,-10.77,ready
CHEMBL34464,active_gs_complex_3SN6,-9.598,ready
CHEMBL34464,active_bi167107_4LDE,-11.57,ready
CHEMBL34464,active_hbi_4LDL,-11.39,ready
CHEMBL37483,inactive_carazolol_2RH1,-11.47,ready
CHEMBL37483,inactive_carazolol_5D5A,-11.49,ready
CHEMBL37483,active_bi167107_4LDE,-11.69,ready
CHEMBL37483,active_gs_complex_3SN6,-9.792,ready
CHEMBL36002,inactive_carazolol_2RH1,-10.54,ready
CHEMBL36002,inactive_carazolol_5D5A,-10.47,ready
CHEMBL36002,active_bi167107_4LDE,-10.9,ready
CHEMBL36002,active_hbi_4LDL,-10.95,ready
CHEMBL36002,active_gs_complex_3SN6,-9.836,ready
CHEMBL37483,active_hbi_4LDL,-11.42,ready
CHEMBL19349,inactive_carazolol_2RH1,-11.0,ready
CHEMBL19349,inactive_carazolol_5D5A,-10.95,ready
CHEMBL19349,active_gs_complex_3SN6,-10.24,ready
CHEMBL10746,inactive_carazolol_2RH1,-11.18,ready
CHEMBL19349,active_bi167107_4LDE,-11.41,ready
CHEMBL10746,inactive_carazolol_5D5A,-11.03,ready
CHEMBL22699,inactive_carazolol_2RH1,-9.896,ready
CHEMBL19349,active_hbi_4LDL,-11.11,ready
CHEMBL10746,active_gs_complex_3SN6,-9.847,ready
CHEMBL22699,inactive_carazolol_5D5A,-9.823,ready
CHEMBL22699,active_gs_complex_3SN6,-9.736,ready
CHEMBL22699,active_bi167107_4LDE,-11.32,ready
CHEMBL10746,active_bi167107_4LDE,-11.31,ready
CHEMBL22699,active_hbi_4LDL,-11.27,ready
CHEMBL10746,active_hbi_4LDL,-12.16,ready
CHEMBL27049,inactive_carazolol_5D5A,-11.23,ready
CHEMBL27049,inactive_carazolol_2RH1,-11.04,ready
CHEMBL27049,active_gs_complex_3SN6,-10.19,ready
CHEMBL27049,active_hbi_4LDL,-11.31,ready
CHEMBL27049,active_bi167107_4LDE,-11.56,ready
CHEMBL583947,inactive_carazolol_5D5A,-10.95,ready
CHEMBL1163536,inactive_carazolol_2RH1,-10.82,ready
CHEMBL583947,active_gs_complex_3SN6,-10.05,ready
CHEMBL583947,inactive_carazolol_2RH1,-10.71,ready
CHEMBL1163536,inactive_carazolol_5D5A,-11.07,ready
CHEMBL583947,active_bi167107_4LDE,-10.83,ready
CHEMBL1163536,active_gs_complex_3SN6,-11.24,ready
CHEMBL583947,active_hbi_4LDL,-11.41,ready
CHEMBL1163536,active_bi167107_4LDE,-11.23,ready
CHEMBL21673,inactive_carazolol_2RH1,-9.893,ready
CHEMBL21673,inactive_carazolol_5D5A,-9.955,ready
CHEMBL1163536,active_hbi_4LDL,-10.8,ready
CHEMBL21673,active_gs_complex_3SN6,-9.347,ready
CHEMBL21673,active_bi167107_4LDE,-10.67,ready
CHEMBL21673,active_hbi_4LDL,-10.77,ready
CHEMBL547407,inactive_carazolol_2RH1,-9.914,ready
CHEMBL4553657,inactive_carazolol_2RH1,-10.96,ready
CHEMBL4553657,inactive_carazolol_5D5A,-10.91,ready
CHEMBL547407,active_gs_complex_3SN6,-8.889,ready
CHEMBL547407,inactive_carazolol_5D5A,-10.24,ready
CHEMBL4553657,active_bi167107_4LDE,-10.19,ready
CHEMBL547407,active_bi167107_4LDE,-9.584,ready
CHEMBL4553657,active_hbi_4LDL,-9.213,ready
CHEMBL547407,active_hbi_4LDL,-9.955,ready
CHEMBL4553657,active_gs_complex_3SN6,-10.38,ready
CHEMBL23766,inactive_carazolol_2RH1,-11.46,ready
CHEMBL14209,inactive_carazolol_2RH1,-10.2,ready
CHEMBL23766,inactive_carazolol_5D5A,-11.5,ready
CHEMBL14209,inactive_carazolol_5D5A,-9.675,ready
CHEMBL14209,active_gs_complex_3SN6,-9.606,ready
CHEMBL23766,active_gs_complex_3SN6,-8.813,ready
CHEMBL14209,active_hbi_4LDL,-10.79,ready
CHEMBL23766,active_bi167107_4LDE,-8.19,ready
CHEMBL23766,active_hbi_4LDL,-8.099,ready
CHEMBL14209,active_bi167107_4LDE,-10.84,ready
CHEMBL19102,active_gs_complex_3SN6,-10.21,ready
CHEMBL19102,inactive_carazolol_5D5A,-11.13,ready
CHEMBL28177,inactive_carazolol_2RH1,-10.52,ready
CHEMBL19102,active_bi167107_4LDE,-11.07,ready
CHEMBL25666,inactive_carazolol_2RH1,-10.85,ready
CHEMBL28177,inactive_carazolol_5D5A,-10.8,ready
CHEMBL28177,active_gs_complex_3SN6,-9.619,ready
CHEMBL19102,active_hbi_4LDL,-11.23,ready
CHEMBL28177,active_hbi_4LDL,-11.18,ready
CHEMBL28177,active_bi167107_4LDE,-11.02,ready
CHEMBL19102,inactive_carazolol_2RH1,-11.01,ready
CHEMBL25666,inactive_carazolol_5D5A,-10.92,ready
CHEMBL25623,inactive_carazolol_2RH1,-10.64,ready
CHEMBL25666,active_gs_complex_3SN6,-9.214,ready
CHEMBL25666,active_bi167107_4LDE,-11.25,ready
CHEMBL25666,active_hbi_4LDL,-11.45,ready
CHEMBL25623,inactive_carazolol_5D5A,-10.48,ready
CHEMBL25623,active_gs_complex_3SN6,-9.7,ready
CHEMBL25623,active_hbi_4LDL,-10.46,ready
CHEMBL25623,active_bi167107_4LDE,-10.42,ready
CHEMBL4435178,active_gs_complex_3SN6,-9.889,ready
CHEMBL4435178,inactive_carazolol_5D5A,-11.09,ready
CHEMBL4435178,inactive_carazolol_2RH1,-10.57,ready
CHEMBL26521,inactive_carazolol_2RH1,-9.909,ready
CHEMBL26521,active_gs_complex_3SN6,-9.38,ready
CHEMBL26521,inactive_carazolol_5D5A,-9.985,ready
CHEMBL4435178,active_bi167107_4LDE,-10.77,ready
CHEMBL26521,active_hbi_4LDL,-10.67,ready
CHEMBL26521,active_bi167107_4LDE,-10.42,ready
CHEMBL4435178,active_hbi_4LDL,-11.19,ready
CHEMBL24539,inactive_carazolol_2RH1,-9.703,ready
CHEMBL24539,active_gs_complex_3SN6,-8.789,ready
CHEMBL4436519,inactive_carazolol_2RH1,-10.1,ready
CHEMBL4436519,active_gs_complex_3SN6,-9.594,ready
CHEMBL24539,inactive_carazolol_5D5A,-10.01,ready
CHEMBL24539,active_hbi_4LDL,-9.558,ready
CHEMBL4436519,active_hbi_4LDL,-10.83,ready
CHEMBL4436519,inactive_carazolol_5D5A,-9.861,ready
CHEMBL4436519,active_bi167107_4LDE,-10.35,ready
CHEMBL23744,inactive_carazolol_2RH1,-10.6,ready
CHEMBL24539,active_bi167107_4LDE,-9.569,ready
CHEMBL23744,active_gs_complex_3SN6,-9.512,ready
CHEMBL23744,inactive_carazolol_5D5A,-10.83,ready
CHEMBL23744,active_hbi_4LDL,-10.11,ready
CHEMBL23744,active_bi167107_4LDE,-9.731,ready
CHEMBL33205,inactive_carazolol_5D5A,-10.62,ready
CHEMBL21258,inactive_carazolol_5D5A,-10.66,ready
CHEMBL33205,inactive_carazolol_2RH1,-10.68,ready
CHEMBL21258,inactive_carazolol_2RH1,-10.35,ready
CHEMBL33205,active_gs_complex_3SN6,-10.2,ready
CHEMBL21258,active_bi167107_4LDE,-11.21,ready
CHEMBL21258,active_hbi_4LDL,-10.71,ready
CHEMBL21258,active_gs_complex_3SN6,-9.363,ready
CHEMBL33205,active_hbi_4LDL,-11.14,ready
CHEMBL33205,active_bi167107_4LDE,-11.79,ready
CHEMBL7498,inactive_carazolol_2RH1,-10.68,ready
CHEMBL7498,inactive_carazolol_5D5A,-10.25,ready
CHEMBL4436149,active_gs_complex_3SN6,-9.651,ready
CHEMBL4436149,inactive_carazolol_5D5A,-10.17,ready
CHEMBL7498,active_gs_complex_3SN6,-10.19,ready
CHEMBL4436149,inactive_carazolol_2RH1,-10.42,ready
CHEMBL7498,active_hbi_4LDL,-10.73,ready
CHEMBL7498,active_bi167107_4LDE,-10.92,ready
CHEMBL38078,inactive_carazolol_2RH1,-11.59,ready
CHEMBL4436149,active_hbi_4LDL,-10.4,ready
CHEMBL38078,inactive_carazolol_5D5A,-11.43,ready
CHEMBL4436149,active_bi167107_4LDE,-10.56,ready
CHEMBL38078,active_bi167107_4LDE,-11.16,ready
CHEMBL38078,active_gs_complex_3SN6,-9.448,ready
CHEMBL21401,inactive_carazolol_2RH1,-11.63,ready
CHEMBL21401,inactive_carazolol_5D5A,-11.84,ready
CHEMBL21401,active_gs_complex_3SN6,-10.64,ready
CHEMBL38078,active_hbi_4LDL,-10.66,ready
CHEMBL32302,inactive_carazolol_2RH1,-11.68,ready
CHEMBL32302,inactive_carazolol_5D5A,-11.24,ready
CHEMBL32302,active_gs_complex_3SN6,-10.88,ready
CHEMBL21401,active_hbi_4LDL,-11.33,ready
CHEMBL21401,active_bi167107_4LDE,-11.36,ready
CHEMBL32302,active_bi167107_4LDE,-12.02,ready
CHEMBL32302,active_hbi_4LDL,-11.67,ready
CHEMBL42325,inactive_carazolol_2RH1,-11.8,ready
CHEMBL42325,inactive_carazolol_5D5A,-11.46,ready
CHEMBL42325,active_gs_complex_3SN6,-10.21,ready
CHEMBL42325,active_bi167107_4LDE,-11.11,ready
CHEMBL23776,inactive_carazolol_2RH1,-12.02,ready
CHEMBL42325,active_hbi_4LDL,-11.18,ready
CHEMBL23776,inactive_carazolol_5D5A,-10.82,ready
CHEMBL17634,inactive_carazolol_2RH1,-10.98,ready
CHEMBL17634,inactive_carazolol_5D5A,-11.29,ready
CHEMBL23776,active_hbi_4LDL,-10.68,ready
CHEMBL23776,active_bi167107_4LDE,-10.26,ready
CHEMBL17634,active_gs_complex_3SN6,-9.577,ready
CHEMBL23776,active_gs_complex_3SN6,-10.23,ready
CHEMBL14185,inactive_carazolol_2RH1,-11.21,ready
CHEMBL14185,inactive_carazolol_5D5A,-11.42,ready
CHEMBL17634,active_hbi_4LDL,-11.0,ready
CHEMBL17634,active_bi167107_4LDE,-11.35,ready
CHEMBL14185,active_gs_complex_3SN6,-10.16,ready
CHEMBL14185,active_bi167107_4LDE,-11.11,ready
CHEMBL14185,active_hbi_4LDL,-11.1,ready
CHEMBL3310263,inactive_carazolol_2RH1,-11.26,ready
CHEMBL3310263,inactive_carazolol_5D5A,-11.27,ready
CHEMBL3310263,active_gs_complex_3SN6,-10.25,ready
CHEMBL4435514,inactive_carazolol_2RH1,-11.68,ready
CHEMBL4435514,inactive_carazolol_5D5A,-11.61,ready
CHEMBL3310263,active_bi167107_4LDE,-10.67,ready
CHEMBL14547,inactive_carazolol_2RH1,-10.32,ready
CHEMBL4435514,active_hbi_4LDL,-10.86,ready
CHEMBL3310263,active_hbi_4LDL,-11.26,ready
CHEMBL4435514,active_gs_complex_3SN6,-10.71,ready
CHEMBL14547,inactive_carazolol_5D5A,-10.4,ready
CHEMBL4435514,active_bi167107_4LDE,-10.82,ready
CHEMBL14547,active_gs_complex_3SN6,-9.179,ready
CHEMBL14547,active_bi167107_4LDE,-10.48,ready
CHEMBL4553177,inactive_carazolol_2RH1,-11.29,ready
CHEMBL4553177,inactive_carazolol_5D5A,-10.81,ready
CHEMBL14547,active_hbi_4LDL,-10.69,ready
CHEMBL4553177,active_bi167107_4LDE,-11.54,ready
CHEMBL4553177,active_gs_complex_3SN6,-9.329,ready
CHEMBL4553177,active_hbi_4LDL,-9.926,ready
CHEMBL19133,inactive_carazolol_5D5A,-10.16,ready
CHEMBL19133,inactive_carazolol_2RH1,-9.655,ready
CHEMBL19133,active_bi167107_4LDE,-10.91,ready
CHEMBL19133,active_gs_complex_3SN6,-9.877,ready
CHEMBL14287,inactive_carazolol_2RH1,-9.922,ready
CHEMBL19133,active_hbi_4LDL,-10.37,ready
CHEMBL14287,inactive_carazolol_5D5A,-10.22,ready
CHEMBL14287,active_gs_complex_3SN6,-9.761,ready
CHEMBL14287,active_hbi_4LDL,-11.08,ready
CHEMBL14287,active_bi167107_4LDE,-10.43,ready
CHEMBL7585,inactive_carazolol_5D5A,-10.09,ready
CHEMBL7585,inactive_carazolol_2RH1,-9.996,ready
CHEMBL28066,inactive_carazolol_2RH1,-10.6,ready
CHEMBL7585,active_gs_complex_3SN6,-9.773,ready
CHEMBL28066,inactive_carazolol_5D5A,-10.69,ready
CHEMBL7585,active_bi167107_4LDE,-10.43,ready
CHEMBL28066,active_gs_complex_3SN6,-9.392,ready
CHEMBL28066,active_bi167107_4LDE,-10.51,ready
CHEMBL28066,active_hbi_4LDL,-10.81,ready
CHEMBL7585,active_hbi_4LDL,-10.28,ready
CHEMBL3310763,inactive_carazolol_2RH1,-10.5,ready
CHEMBL3310763,inactive_carazolol_5D5A,-10.05,ready
CHEMBL3310763,active_gs_complex_3SN6,-9.594,ready
CHEMBL3310763,active_hbi_4LDL,-10.09,ready
CHEMBL3310763,active_bi167107_4LDE,-10.55,ready
CHEMBL41605,inactive_carazolol_2RH1,-9.968,ready
CHEMBL41605,inactive_carazolol_5D5A,-10.21,ready
CHEMBL41605,active_gs_complex_3SN6,-10.05,ready
CHEMBL14366,inactive_carazolol_5D5A,-10.71,ready
CHEMBL14366,inactive_carazolol_2RH1,-10.6,ready
CHEMBL41605,active_bi167107_4LDE,-10.62,ready
CHEMBL41605,active_hbi_4LDL,-10.59,ready
CHEMBL41255,inactive_carazolol_2RH1,-9.69,ready
CHEMBL41255,active_gs_complex_3SN6,-9.404,ready
CHEMBL14366,active_gs_complex_3SN6,-9.336,ready
CHEMBL23718,inactive_carazolol_2RH1,-11.26,ready
CHEMBL14366,active_bi167107_4LDE,-10.01,ready
CHEMBL41255,inactive_carazolol_5D5A,-9.507,ready
CHEMBL14366,active_hbi_4LDL,-9.912,ready
CHEMBL23718,inactive_carazolol_5D5A,-11.2,ready
CHEMBL39092,inactive_carazolol_2RH1,-10.13,ready
CHEMBL23718,active_gs_complex_3SN6,-7.6,ready
CHEMBL39092,inactive_carazolol_5D5A,-10.21,ready
CHEMBL23718,active_hbi_4LDL,-9.293,ready
CHEMBL41255,active_bi167107_4LDE,-10.33,ready
CHEMBL39092,active_gs_complex_3SN6,-9.369,ready
CHEMBL23718,active_bi167107_4LDE,-9.063,ready
CHEMBL39092,active_bi167107_4LDE,-10.26,ready
CHEMBL41255,active_hbi_4LDL,-10.55,ready
CHEMBL39092,active_hbi_4LDL,-10.05,ready
CHEMBL1094608,inactive_carazolol_2RH1,-10.09,ready
CHEMBL4435939,inactive_carazolol_5D5A,-10.17,ready
CHEMBL4435939,inactive_carazolol_2RH1,-9.976,ready
CHEMBL4435939,active_hbi_4LDL,-10.04,ready
CHEMBL1094608,inactive_carazolol_5D5A,-10.11,ready
CHEMBL1094608,active_gs_complex_3SN6,-8.858,ready
CHEMBL4435939,active_bi167107_4LDE,-9.52,ready
CHEMBL4435939,active_gs_complex_3SN6,-8.588,ready
CHEMBL1094608,active_hbi_4LDL,-9.914,ready
CHEMBL1094608,active_bi167107_4LDE,-9.521,ready
CHEMBL24269,inactive_carazolol_2RH1,-9.905,ready
CHEMBL3309272,inactive_carazolol_2RH1,-10.3,ready
CHEMBL3309272,inactive_carazolol_5D5A,-10.69,ready
CHEMBL3309272,active_gs_complex_3SN6,-9.676,ready
CHEMBL3309272,active_hbi_4LDL,-11.06,ready
CHEMBL24269,inactive_carazolol_5D5A,-10.01,ready
CHEMBL3309272,active_bi167107_4LDE,-10.83,ready
CHEMBL24269,active_gs_complex_3SN6,-9.465,ready
CHEMBL35355,inactive_carazolol_2RH1,-10.29,ready
CHEMBL24269,active_bi167107_4LDE,-10.35,ready
CHEMBL35355,inactive_carazolol_5D5A,-10.21,ready
CHEMBL24269,active_hbi_4LDL,-10.37,ready
CHEMBL35355,active_gs_complex_3SN6,-9.484,ready
CHEMBL35355,active_bi167107_4LDE,-10.2,ready
CHEMBL35355,active_hbi_4LDL,-10.37,ready
CHEMBL21614,inactive_carazolol_5D5A,-10.64,ready
CHEMBL21614,active_gs_complex_3SN6,-9.961,ready
CHEMBL21614,inactive_carazolol_2RH1,-10.58,ready
CHEMBL21614,active_bi167107_4LDE,-10.02,ready
CHEMBL37826,inactive_carazolol_2RH1,-10.41,ready
CHEMBL21614,active_hbi_4LDL,-10.41,ready
CHEMBL37826,inactive_carazolol_5D5A,-10.71,ready
CHEMBL38740,inactive_carazolol_5D5A,-10.89,ready
CHEMBL37826,active_gs_complex_3SN6,-9.607,ready
CHEMBL37826,active_bi167107_4LDE,-10.34,ready
CHEMBL38740,inactive_carazolol_2RH1,-11.22,ready
CHEMBL38740,active_gs_complex_3SN6,-10.15,ready
CHEMBL37826,active_hbi_4LDL,-10.46,ready
CHEMBL11670,inactive_carazolol_2RH1,-10.34,ready
CHEMBL38740,active_bi167107_4LDE,-10.14,ready
CHEMBL38740,active_hbi_4LDL,-9.837,ready
CHEMBL11670,inactive_carazolol_5D5A,-10.04,ready
CHEMBL11670,active_gs_complex_3SN6,-9.608,ready
CHEMBL11670,active_bi167107_4LDE,-10.13,ready
CHEMBL11670,active_hbi_4LDL,-10.17,ready
CHEMBL3309811,active_gs_complex_3SN6,-9.135,ready
CHEMBL3309811,inactive_carazolol_2RH1,-9.75,ready
CHEMBL28346,inactive_carazolol_2RH1,-10.15,ready
CHEMBL3309811,active_bi167107_4LDE,-9.794,ready
CHEMBL4436492,inactive_carazolol_2RH1,-10.57,ready
CHEMBL3309811,inactive_carazolol_5D5A,-10.03,ready
CHEMBL3309811,active_hbi_4LDL,-9.558,ready
CHEMBL4436492,inactive_carazolol_5D5A,-10.51,ready
CHEMBL28346,inactive_carazolol_5D5A,-10.15,ready
CHEMBL4436492,active_gs_complex_3SN6,-9.461,ready
CHEMBL4436492,active_hbi_4LDL,-10.47,ready
CHEMBL28346,active_gs_complex_3SN6,-9.506,ready
CHEMBL4436492,active_bi167107_4LDE,-10.3,ready
CHEMBL28346,active_hbi_4LDL,-10.09,ready
CHEMBL28346,active_bi167107_4LDE,-10.25,ready
CHEMBL24809,inactive_carazolol_5D5A,-10.48,ready
CHEMBL24809,inactive_carazolol_2RH1,-10.26,ready
CHEMBL24809,active_hbi_4LDL,-10.26,ready
CHEMBL24809,active_gs_complex_3SN6,-9.186,ready
CHEMBL24809,active_bi167107_4LDE,-10.12,ready
CHEMBL34601,inactive_carazolol_2RH1,-10.18,ready
CHEMBL34601,inactive_carazolol_5D5A,-10.47,ready
CHEMBL17803,inactive_carazolol_2RH1,-10.25,ready
CHEMBL17803,inactive_carazolol_5D5A,-10.53,ready
CHEMBL34601,active_gs_complex_3SN6,-9.673,ready
CHEMBL34601,active_bi167107_4LDE,-10.43,ready
CHEMBL34601,active_hbi_4LDL,-10.1,ready
CHEMBL17803,active_hbi_4LDL,-10.48,ready
CHEMBL17803,active_gs_complex_3SN6,-9.642,ready
CHEMBL23822,inactive_carazolol_2RH1,-10.21,ready
CHEMBL23822,inactive_carazolol_5D5A,-10.31,ready
CHEMBL17803,active_bi167107_4LDE,-10.08,ready
CHEMBL34287,inactive_carazolol_2RH1,-10.46,ready
CHEMBL34287,inactive_carazolol_5D5A,-10.51,ready
CHEMBL34287,active_gs_complex_3SN6,-10.22,ready
CHEMBL34287,active_bi167107_4LDE,-10.39,ready
CHEMBL34731,inactive_carazolol_2RH1,-9.91,ready
CHEMBL34287,active_hbi_4LDL,-9.716,ready
CHEMBL34731,inactive_carazolol_5D5A,-9.873,ready
CHEMBL34731,active_gs_complex_3SN6,-8.67,ready
CHEMBL34731,active_hbi_4LDL,-10.21,ready
CHEMBL23822,active_gs_complex_3SN6,-10.21,ready
CHEMBL23822,active_bi167107_4LDE,-11.09,ready
CHEMBL34731,active_bi167107_4LDE,-10.09,ready
CHEMBL22030,inactive_carazolol_2RH1,-9.757,ready
CHEMBL22030,inactive_carazolol_5D5A,-7.939,ready
CHEMBL22030,active_gs_complex_3SN6,-8.421,ready
CHEMBL23822,active_hbi_4LDL,-11.28,ready
CHEMBL22030,active_bi167107_4LDE,-10.21,ready
CHEMBL13215,inactive_carazolol_5D5A,-10.2,ready
CHEMBL13215,inactive_carazolol_2RH1,-9.907,ready
CHEMBL7338,inactive_carazolol_2RH1,-10.08,ready
CHEMBL13215,active_gs_complex_3SN6,-9.073,ready
CHEMBL13215,active_bi167107_4LDE,-9.819,ready
CHEMBL22030,active_hbi_4LDL,-10.27,ready
CHEMBL7338,inactive_carazolol_5D5A,-10.75,ready
CHEMBL13215,active_hbi_4LDL,-9.833,ready
CHEMBL7338,active_gs_complex_3SN6,-9.133,ready
CHEMBL7338,active_bi167107_4LDE,-9.445,ready
CHEMBL4436211,inactive_carazolol_2RH1,-9.884,ready
CHEMBL7338,active_hbi_4LDL,-9.765,ready
CHEMBL4436211,active_gs_complex_3SN6,-8.748,ready
CHEMBL4436211,inactive_carazolol_5D5A,-10.14,ready
CHEMBL4436211,active_bi167107_4LDE,-9.802,ready
CHEMBL4436211,active_hbi_4LDL,-10.07,ready
CHEMBL15001,inactive_carazolol_2RH1,-9.788,ready
CHEMBL15001,inactive_carazolol_5D5A,-10.17,ready
CHEMBL15001,active_bi167107_4LDE,-10.12,ready
CHEMBL15001,active_gs_complex_3SN6,-8.743,ready
CHEMBL15001,active_hbi_4LDL,-9.935,ready
CHEMBL4435459,inactive_carazolol_2RH1,-11.24,ready
CHEMBL4435459,inactive_carazolol_5D5A,-10.51,ready
CHEMBL4435459,active_gs_complex_3SN6,-9.733,ready
CHEMBL4435459,active_hbi_4LDL,-11.19,ready
CHEMBL4435459,active_bi167107_4LDE,-11.45,ready
CHEMBL8644,inactive_carazolol_5D5A,-10.68,ready
CHEMBL8644,inactive_carazolol_2RH1,-10.54,ready
CHEMBL8644,active_gs_complex_3SN6,-9.547,ready
CHEMBL35409,inactive_carazolol_2RH1,-10.07,ready
CHEMBL8644,active_hbi_4LDL,-10.64,ready
CHEMBL8644,active_bi167107_4LDE,-10.28,ready
CHEMBL35409,inactive_carazolol_5D5A,-10.33,ready
CHEMBL35409,active_bi167107_4LDE,-10.65,ready
CHEMBL18140,inactive_carazolol_2RH1,-10.44,ready
CHEMBL18140,inactive_carazolol_5D5A,-10.45,ready
CHEMBL35409,active_gs_complex_3SN6,-9.89,ready
CHEMBL35409,active_hbi_4LDL,-10.67,ready
CHEMBL18140,active_gs_complex_3SN6,-9.608,ready
CHEMBL24783,inactive_carazolol_2RH1,-10.73,ready
CHEMBL1214259,inactive_carazolol_2RH1,-11.06,ready
CHEMBL24783,inactive_carazolol_5D5A,-10.63,ready
CHEMBL1214259,inactive_carazolol_5D5A,-11.28,ready
CHEMBL1214259,active_hbi_4LDL,-11.82,ready
CHEMBL1214259,active_gs_complex_3SN6,-9.731,ready
CHEMBL18140,active_bi167107_4LDE,-10.22,ready
CHEMBL24783,active_bi167107_4LDE,-10.04,ready
CHEMBL1214259,active_bi167107_4LDE,-11.79,ready
CHEMBL24783,active_gs_complex_3SN6,-8.378,ready
CHEMBL18140,active_hbi_4LDL,-10.48,ready
CHEMBL24783,active_hbi_4LDL,-10.53,ready
CHEMBL4434812,inactive_carazolol_2RH1,-10.64,ready
CHEMBL4434812,inactive_carazolol_5D5A,-10.91,ready
CHEMBL4434812,active_bi167107_4LDE,-11.09,ready
CHEMBL4434812,active_gs_complex_3SN6,-9.993,ready
CHEMBL13751,active_gs_complex_3SN6,-10.12,ready
CHEMBL13751,inactive_carazolol_2RH1,-10.62,ready
CHEMBL35093,inactive_carazolol_2RH1,-11.16,ready
CHEMBL13751,inactive_carazolol_5D5A,-10.8,ready
CHEMBL13751,active_hbi_4LDL,-11.58,ready
CHEMBL13751,active_bi167107_4LDE,-11.4,ready
CHEMBL4434812,active_hbi_4LDL,-11.62,ready
CHEMBL35093,inactive_carazolol_5D5A,-11.38,ready
CHEMBL38677,inactive_carazolol_2RH1,-11.89,ready
CHEMBL38677,inactive_carazolol_5D5A,-11.94,ready
CHEMBL38677,active_gs_complex_3SN6,-9.621,ready
CHEMBL35093,active_gs_complex_3SN6,-10.28,ready
CHEMBL35093,active_hbi_4LDL,-10.61,ready
CHEMBL38677,active_bi167107_4LDE,-9.86,ready
CHEMBL35093,active_bi167107_4LDE,-10.58,ready
CHEMBL14538,inactive_carazolol_5D5A,-10.19,ready
CHEMBL14538,inactive_carazolol_2RH1,-10.53,ready
CHEMBL38677,active_hbi_4LDL,-9.932,ready
CHEMBL14538,active_bi167107_4LDE,-10.33,ready
CHEMBL14538,active_gs_complex_3SN6,-9.291,ready
CHEMBL14538,active_hbi_4LDL,-10.21,ready
CHEMBL4543468,inactive_carazolol_2RH1,-10.08,ready
CHEMBL4543468,active_gs_complex_3SN6,-9.345,ready
CHEMBL4543468,inactive_carazolol_5D5A,-10.15,ready
CHEMBL4543468,active_hbi_4LDL,-10.08,ready
CHEMBL4543468,active_bi167107_4LDE,-9.831,ready
CHEMBL3309373,inactive_carazolol_2RH1,-10.16,ready
CHEMBL3309373,inactive_carazolol_5D5A,-10.22,ready
CHEMBL3309373,active_gs_complex_3SN6,-9.527,ready
CHEMBL3309373,active_hbi_4LDL,-10.06,ready
CHEMBL3309373,active_bi167107_4LDE,-9.487,ready
CHEMBL10118,inactive_carazolol_2RH1,-11.03,ready
CHEMBL10118,inactive_carazolol_5D5A,-10.77,ready
CHEMBL26889,inactive_carazolol_5D5A,-10.02,ready
CHEMBL26889,inactive_carazolol_2RH1,-10.06,ready
CHEMBL10118,active_gs_complex_3SN6,-10.27,ready
CHEMBL26889,active_gs_complex_3SN6,-9.343,ready
CHEMBL10118,active_hbi_4LDL,-11.64,ready
CHEMBL10118,active_bi167107_4LDE,-11.38,ready
CHEMBL26889,active_hbi_4LDL,-10.26,ready
CHEMBL26889,active_bi167107_4LDE,-9.823,ready
CHEMBL571967,inactive_carazolol_2RH1,-9.958,ready
CHEMBL571967,inactive_carazolol_5D5A,-9.795,ready
CHEMBL571967,active_gs_complex_3SN6,-9.603,ready
CHEMBL571967,active_bi167107_4LDE,-10.7,ready
CHEMBL41745,active_gs_complex_3SN6,-9.911,ready
CHEMBL41745,inactive_carazolol_2RH1,-11.05,ready
CHEMBL41745,active_hbi_4LDL,-11.66,ready
CHEMBL41745,inactive_carazolol_5D5A,-10.73,ready
CHEMBL4435674,inactive_carazolol_2RH1,-9.976,ready
CHEMBL22248,active_bi167107_4LDE,-10.85,ready
CHEMBL41745,active_bi167107_4LDE,-11.88,ready
CHEMBL22248,inactive_carazolol_2RH1,-10.32,ready
CHEMBL22248,active_gs_complex_3SN6,-8.887,ready
CHEMBL22248,active_hbi_4LDL,-10.97,ready
CHEMBL4435674,inactive_carazolol_5D5A,-9.986,ready
CHEMBL571967,active_hbi_4LDL,-11.51,ready
CHEMBL4435674,active_gs_complex_3SN6,-9.198,ready
CHEMBL4435674,active_hbi_4LDL,-9.619,ready
CHEMBL4435674,active_bi167107_4LDE,-9.324,ready
CHEMBL4435874,inactive_carazolol_2RH1,-10.33,ready
CHEMBL4435874,inactive_carazolol_5D5A,-10.18,ready
CHEMBL4435874,active_gs_complex_3SN6,-9.097,ready
CHEMBL34435,inactive_carazolol_2RH1,-10.43,ready
CHEMBL34435,active_gs_complex_3SN6,-9.519,ready
CHEMBL34435,inactive_carazolol_5D5A,-10.59,ready
CHEMBL4435874,active_bi167107_4LDE,-9.868,ready
CHEMBL4435874,active_hbi_4LDL,-9.946,ready
CHEMBL34435,active_bi167107_4LDE,-9.85,ready
CHEMBL34435,active_hbi_4LDL,-10.22,ready
CHEMBL22248,inactive_carazolol_5D5A,-10.05,ready
CHEMBL36558,inactive_carazolol_2RH1,-10.05,ready
CHEMBL36558,active_gs_complex_3SN6,-9.192,ready
CHEMBL36558,inactive_carazolol_5D5A,-9.782,ready
CHEMBL24600,inactive_carazolol_2RH1,-9.635,ready
CHEMBL36558,active_bi167107_4LDE,-9.503,ready
CHEMBL24600,inactive_carazolol_5D5A,-9.983,ready
CHEMBL24600,active_gs_complex_3SN6,-9.226,ready
CHEMBL36558,active_hbi_4LDL,-9.643,ready
CHEMBL24600,active_hbi_4LDL,-9.852,ready
CHEMBL6687,inactive_carazolol_2RH1,-10.6,ready
CHEMBL24600,active_bi167107_4LDE,-9.687,ready
CHEMBL6687,inactive_carazolol_5D5A,-10.31,ready
CHEMBL6687,active_gs_complex_3SN6,-9.425,ready
CHEMBL6687,active_bi167107_4LDE,-10.16,ready
CHEMBL6687,active_hbi_4LDL,-10.11,ready
CHEMBL14161,inactive_carazolol_2RH1,-10.16,ready
CHEMBL27212,inactive_carazolol_5D5A,-10.21,ready
CHEMBL27212,active_gs_complex_3SN6,-9.296,ready
CHEMBL14161,inactive_carazolol_5D5A,-10.47,ready
CHEMBL27212,inactive_carazolol_2RH1,-10.04,ready
CHEMBL14161,active_bi167107_4LDE,-11.15,ready
CHEMBL27212,active_bi167107_4LDE,-9.938,ready
CHEMBL27212,active_hbi_4LDL,-9.933,ready
CHEMBL14161,active_gs_complex_3SN6,-9.611,ready
CHEMBL14161,active_hbi_4LDL,-11.05,ready
CHEMBL33172,inactive_carazolol_2RH1,-10.45,ready
CHEMBL33172,inactive_carazolol_5D5A,-10.53,ready
CHEMBL35359,inactive_carazolol_5D5A,-10.4,ready
CHEMBL35359,inactive_carazolol_2RH1,-10.39,ready
CHEMBL29606,inactive_carazolol_2RH1,-10.28,ready
CHEMBL33172,active_gs_complex_3SN6,-8.927,ready
CHEMBL33172,active_hbi_4LDL,-10.26,ready
CHEMBL35359,active_gs_complex_3SN6,-9.822,ready
CHEMBL33172,active_bi167107_4LDE,-9.994,ready
CHEMBL29606,inactive_carazolol_5D5A,-10.4,ready
CHEMBL35359,active_hbi_4LDL,-10.23,ready
CHEMBL35359,active_bi167107_4LDE,-10.08,ready
CHEMBL29606,active_gs_complex_3SN6,-8.835,ready
CHEMBL29606,active_bi167107_4LDE,-9.946,ready
CHEMBL16869,inactive_carazolol_5D5A,-9.735,ready
CHEMBL16869,inactive_carazolol_2RH1,-10.05,ready
CHEMBL16869,active_gs_complex_3SN6,-9.599,ready
CHEMBL29606,active_hbi_4LDL,-10.01,ready
CHEMBL7481,inactive_carazolol_5D5A,-9.978,ready
CHEMBL7481,inactive_carazolol_2RH1,-9.895,ready
CHEMBL16869,active_hbi_4LDL,-9.597,ready
CHEMBL16869,active_bi167107_4LDE,-9.875,ready
CHEMBL7481,active_gs_complex_3SN6,-9.732,ready
CHEMBL7481,active_bi167107_4LDE,-9.939,ready
CHEMBL7481,active_hbi_4LDL,-10.28,ready
CHEMBL19028,inactive_carazolol_2RH1,-11.08,ready
CHEMBL19028,active_hbi_4LDL,-10.97,ready
CHEMBL19028,inactive_carazolol_5D5A,-11.06,ready
CHEMBL19028,active_bi167107_4LDE,-10.53,ready
CHEMBL19028,active_gs_complex_3SN6,-9.502,ready
CHEMBL4553616,inactive_carazolol_2RH1,-10.08,ready
CHEMBL4553616,active_gs_complex_3SN6,-9.588,ready
CHEMBL4553616,inactive_carazolol_5D5A,-10.45,ready
CHEMBL33795,inactive_carazolol_2RH1,-9.61,ready
CHEMBL33795,inactive_carazolol_5D5A,-9.831,ready
CHEMBL4553616,active_bi167107_4LDE,-9.926,ready
CHEMBL4553616,active_hbi_4LDL,-10.25,ready
CHEMBL33795,active_gs_complex_3SN6,-9.494,ready
CHEMBL33795,active_hbi_4LDL,-10.3,ready
CHEMBL33795,active_bi167107_4LDE,-10.3,ready
CHEMBL4560002,inactive_carazolol_2RH1,-10.93,ready
CHEMBL25133,active_gs_complex_3SN6,-9.257,ready
CHEMBL25133,inactive_carazolol_2RH1,-9.998,ready
CHEMBL4560002,active_gs_complex_3SN6,-9.891,ready
CHEMBL4560002,inactive_carazolol_5D5A,-10.95,ready
CHEMBL25133,inactive_carazolol_5D5A,-9.738,ready
CHEMBL4560002,active_hbi_4LDL,-10.66,ready
CHEMBL4560002,active_bi167107_4LDE,-11.87,ready
CHEMBL25133,active_hbi_4LDL,-10.24,ready
CHEMBL25133,active_bi167107_4LDE,-9.86,ready
CHEMBL9612,inactive_carazolol_2RH1,-11.1,ready
CHEMBL9612,inactive_carazolol_5D5A,-10.64,ready
CHEMBL8779,inactive_carazolol_2RH1,-11.41,ready
CHEMBL8779,inactive_carazolol_5D5A,-10.9,ready
CHEMBL8779,active_hbi_4LDL,-11.33,ready
CHEMBL9612,active_hbi_4LDL,-10.69,ready
CHEMBL9612,active_gs_complex_3SN6,-10.02,ready
CHEMBL8779,active_gs_complex_3SN6,-10.79,ready
CHEMBL8779,active_bi167107_4LDE,-10.64,ready
CHEMBL23963,inactive_carazolol_2RH1,-10.48,ready
CHEMBL23963,inactive_carazolol_5D5A,-10.56,ready
CHEMBL9612,active_bi167107_4LDE,-11.1,ready
CHEMBL23963,active_gs_complex_3SN6,-10.0,ready
CHEMBL7496,inactive_carazolol_2RH1,-11.35,ready
CHEMBL7496,inactive_carazolol_5D5A,-11.91,ready
CHEMBL16428,inactive_carazolol_2RH1,-9.345,ready
CHEMBL16428,inactive_carazolol_5D5A,-9.057,ready
CHEMBL7496,active_gs_complex_3SN6,-10.31,ready
CHEMBL23963,active_bi167107_4LDE,-10.68,ready
CHEMBL16428,active_gs_complex_3SN6,-9.016,ready
CHEMBL7496,active_hbi_4LDL,-10.77,ready
CHEMBL16428,active_bi167107_4LDE,-10.16,ready
CHEMBL7496,active_bi167107_4LDE,-10.98,ready
CHEMBL23963,active_hbi_4LDL,-11.26,ready
CHEMBL25334,inactive_carazolol_5D5A,-11.61,ready
CHEMBL25334,inactive_carazolol_2RH1,-11.95,ready
CHEMBL16428,active_hbi_4LDL,-10.31,ready
CHEMBL25334,active_gs_complex_3SN6,-9.438,ready
CHEMBL25334,active_hbi_4LDL,-10.22,ready
CHEMBL25334,active_bi167107_4LDE,-9.796,ready
CHEMBL31134,inactive_carazolol_2RH1,-10.02,ready
CHEMBL31134,inactive_carazolol_5D5A,-9.848,ready
CHEMBL31134,active_gs_complex_3SN6,-8.368,ready
CHEMBL28203,inactive_carazolol_2RH1,-10.23,ready
CHEMBL31134,active_bi167107_4LDE,-8.085,ready
CHEMBL28203,inactive_carazolol_5D5A,-10.34,ready
CHEMBL31134,active_hbi_4LDL,-8.788,ready
CHEMBL28203,active_gs_complex_3SN6,-8.997,ready
CHEMBL28203,active_bi167107_4LDE,-10.14,ready
CHEMBL28203,active_hbi_4LDL,-9.938,ready
CHEMBL3310965,active_gs_complex_3SN6,-9.225,ready
CHEMBL3310965,inactive_carazolol_5D5A,-9.373,ready
CHEMBL3310965,inactive_carazolol_2RH1,-9.671,ready
CHEMBL34691,inactive_carazolol_2RH1,-9.645,ready
CHEMBL3310965,active_bi167107_4LDE,-9.609,ready
CHEMBL34691,inactive_carazolol_5D5A,-9.494,ready
CHEMBL3310965,active_hbi_4LDL,-9.414,ready
CHEMBL34691,active_gs_complex_3SN6,-8.897,ready
CHEMBL20953,inactive_carazolol_2RH1,-11.37,ready
CHEMBL34691,active_bi167107_4LDE,-9.901,ready
CHEMBL34691,active_hbi_4LDL,-10.03,ready
CHEMBL20953,active_gs_complex_3SN6,-10.3,ready
CHEMBL30461,inactive_carazolol_2RH1,-10.05,ready
CHEMBL20953,inactive_carazolol_5D5A,-11.6,ready
CHEMBL30461,inactive_carazolol_5D5A,-9.944,ready
CHEMBL30461,active_gs_complex_3SN6,-9.467,ready
CHEMBL20953,active_hbi_4LDL,-11.42,ready
CHEMBL20953,active_bi167107_4LDE,-11.33,ready
CHEMBL30461,active_bi167107_4LDE,-9.968,ready
CHEMBL30461,active_hbi_4LDL,-10.37,ready
CHEMBL42679,inactive_carazolol_2RH1,-11.33,ready
CHEMBL42679,inactive_carazolol_5D5A,-11.27,ready
CHEMBL42679,active_bi167107_4LDE,-10.94,ready
CHEMBL42679,active_gs_complex_3SN6,-10.26,ready
CHEMBL42679,active_hbi_4LDL,-10.57,ready
CHEMBL20825,inactive_carazolol_2RH1,-10.81,ready
CHEMBL20825,inactive_carazolol_5D5A,-10.69,ready
CHEMBL20825,active_bi167107_4LDE,-11.14,ready
CHEMBL20825,active_gs_complex_3SN6,-10.21,ready
CHEMBL35379,inactive_carazolol_2RH1,-10.44,ready
CHEMBL35379,inactive_carazolol_5D5A,-10.39,ready
CHEMBL20825,active_hbi_4LDL,-11.08,ready
CHEMBL35379,active_bi167107_4LDE,-10.76,ready
CHEMBL421,inactive_carazolol_2RH1,-10.61,ready
CHEMBL421,inactive_carazolol_5D5A,-10.64,ready
CHEMBL35379,active_gs_complex_3SN6,-9.974,ready
CHEMBL421,active_gs_complex_3SN6,-9.813,ready
CHEMBL35379,active_hbi_4LDL,-10.4,ready
CHEMBL3310238,inactive_carazolol_2RH1,-10.02,ready
CHEMBL3310238,active_gs_complex_3SN6,-9.121,ready
CHEMBL3310238,inactive_carazolol_5D5A,-10.07,ready
CHEMBL421,active_hbi_4LDL,-11.01,ready
CHEMBL421,active_bi167107_4LDE,-10.92,ready
CHEMBL12173,active_bi167107_4LDE,-11.23,ready
CHEMBL12173,inactive_carazolol_5D5A,-10.02,ready
CHEMBL3310238,active_bi167107_4LDE,-9.881,ready
CHEMBL12173,inactive_carazolol_2RH1,-10.4,ready
CHEMBL12173,active_gs_complex_3SN6,-9.964,ready
CHEMBL3310238,active_hbi_4LDL,-10.62,ready
CHEMBL19382,inactive_carazolol_2RH1,-9.419,ready
CHEMBL19382,active_gs_complex_3SN6,-8.703,ready
CHEMBL19382,inactive_carazolol_5D5A,-9.374,ready
CHEMBL19382,active_bi167107_4LDE,-9.599,ready
CHEMBL12173,active_hbi_4LDL,-11.12,ready
CHEMBL19382,active_hbi_4LDL,-10.08,ready
CHEMBL36360,inactive_carazolol_2RH1,-10.6,ready
CHEMBL36360,inactive_carazolol_5D5A,-10.74,ready
CHEMBL36360,active_gs_complex_3SN6,-9.395,ready
CHEMBL36360,active_hbi_4LDL,-9.046,ready
CHEMBL36360,active_bi167107_4LDE,-7.898,ready
CHEMBL29751,inactive_carazolol_2RH1,-11.59,ready
CHEMBL29751,inactive_carazolol_5D5A,-11.71,ready
CHEMBL20721,inactive_carazolol_2RH1,-10.15,ready
CHEMBL4434768,active_gs_complex_3SN6,-11.08,ready
CHEMBL20721,inactive_carazolol_5D5A,-10.25,ready
CHEMBL29751,active_gs_complex_3SN6,-10.69,ready
CHEMBL4434768,inactive_carazolol_5D5A,-11.13,ready
CHEMBL4434768,inactive_carazolol_2RH1,-11.06,ready
CHEMBL20721,active_gs_complex_3SN6,-9.337,ready
CHEMBL20721,active_bi167107_4LDE,-11.33,ready
CHEMBL20721,active_hbi_4LDL,-10.92,ready
CHEMBL29751,active_bi167107_4LDE,-10.78,ready
CHEMBL29751,active_hbi_4LDL,-10.77,ready
CHEMBL4434768,active_bi167107_4LDE,-11.92,ready
CHEMBL6841,inactive_carazolol_5D5A,-10.19,ready
CHEMBL6841,inactive_carazolol_2RH1,-10.3,ready
CHEMBL6841,active_bi167107_4LDE,-9.954,ready
CHEMBL6841,active_hbi_4LDL,-10.31,ready
CHEMBL6841,active_gs_complex_3SN6,-9.082,ready
CHEMBL3309727,inactive_carazolol_2RH1,-10.93,ready
CHEMBL40061,active_gs_complex_3SN6,-9.204,ready
CHEMBL4434768,active_hbi_4LDL,-11.46,ready
CHEMBL40061,inactive_carazolol_2RH1,-10.35,ready
CHEMBL3309727,inactive_carazolol_5D5A,-9.578,ready
CHEMBL40061,inactive_carazolol_5D5A,-9.203,ready
CHEMBL40061,active_bi167107_4LDE,-9.97,ready
CHEMBL3309727,active_gs_complex_3SN6,-8.045,ready
CHEMBL40061,active_hbi_4LDL,-9.95,ready
CHEMBL3309727,active_hbi_4LDL,-9.617,ready
CHEMBL3309727,active_bi167107_4LDE,-8.704,ready
CHEMBL39603,inactive_carazolol_2RH1,-9.783,ready
CHEMBL39603,active_gs_complex_3SN6,-8.959,ready
CHEMBL16493,inactive_carazolol_5D5A,-10.25,ready
CHEMBL39603,active_hbi_4LDL,-10.27,ready
CHEMBL16493,active_hbi_4LDL,-9.855,ready
CHEMBL39603,inactive_carazolol_5D5A,-9.902,ready
CHEMBL16493,inactive_carazolol_2RH1,-10.22,ready
CHEMBL16493,active_gs_complex_3SN6,-8.506,ready
CHEMBL23537,inactive_carazolol_2RH1,-10.03,ready
CHEMBL16493,active_bi167107_4LDE,-9.819,ready
CHEMBL39603,active_bi167107_4LDE,-10.12,ready
CHEMBL23537,inactive_carazolol_5D5A,-9.584,ready
CHEMBL26899,inactive_carazolol_2RH1,-10.29,ready
CHEMBL26899,inactive_carazolol_5D5A,-10.11,ready
CHEMBL26899,active_gs_complex_3SN6,-8.415,ready
CHEMBL26899,active_hbi_4LDL,-10.21,ready
CHEMBL23537,active_gs_complex_3SN6,-9.011,ready
CHEMBL23537,active_hbi_4LDL,-10.15,ready
CHEMBL26899,active_bi167107_4LDE,-9.823,ready
CHEMBL23537,active_bi167107_4LDE,-9.715,ready
CHEMBL17914,inactive_carazolol_5D5A,-9.636,ready
CHEMBL17914,inactive_carazolol_2RH1,-10.08,ready
CHEMBL17914,active_gs_complex_3SN6,-9.901,ready
CHEMBL17914,active_bi167107_4LDE,-11.33,ready
CHEMBL17914,active_hbi_4LDL,-10.17,ready
CHEMBL24542,inactive_carazolol_2RH1,-10.4,ready
CHEMBL4434865,inactive_carazolol_5D5A,-10.31,ready
CHEMBL24542,inactive_carazolol_5D5A,-10.47,ready
CHEMBL24542,active_gs_complex_3SN6,-8.875,ready
CHEMBL4434865,inactive_carazolol_2RH1,-10.45,ready
CHEMBL24542,active_bi167107_4LDE,-9.557,ready
CHEMBL24542,active_hbi_4LDL,-10.56,ready
CHEMBL4434865,active_gs_complex_3SN6,-8.97,ready
CHEMBL4434865,active_hbi_4LDL,-10.65,ready
CHEMBL4434865,active_bi167107_4LDE,-10.59,ready
CHEMBL36490,inactive_carazolol_2RH1,-10.0,ready
CHEMBL36490,inactive_carazolol_5D5A,-10.1,ready
CHEMBL36379,inactive_carazolol_2RH1,-11.1,ready
CHEMBL36490,active_hbi_4LDL,-10.04,ready
CHEMBL36490,active_bi167107_4LDE,-9.914,ready
CHEMBL36490,active_gs_complex_3SN6,-8.621,ready
CHEMBL36379,inactive_carazolol_5D5A,-11.26,ready
CHEMBL36379,active_gs_complex_3SN6,-9.535,ready
CHEMBL36379,active_bi167107_4LDE,-9.464,ready
CHEMBL36379,active_hbi_4LDL,-9.074,ready
CHEMBL4436452,inactive_carazolol_2RH1,-10.04,ready
CHEMBL4436452,active_gs_complex_3SN6,-9.292,ready
CHEMBL4436452,active_bi167107_4LDE,-9.886,ready
CHEMBL4436452,inactive_carazolol_5D5A,-9.961,ready
CHEMBL42356,inactive_carazolol_2RH1,-9.854,ready
CHEMBL33960,inactive_carazolol_2RH1,-9.58,ready
CHEMBL33960,inactive_carazolol_5D5A,-10.4,ready
CHEMBL4436452,active_hbi_4LDL,-9.936,ready
CHEMBL42356,active_gs_complex_3SN6,-9.228,ready
CHEMBL33960,active_gs_complex_3SN6,-8.881,ready
CHEMBL42356,inactive_carazolol_5D5A,-10.22,ready
CHEMBL33960,active_bi167107_4LDE,-9.953,ready
CHEMBL33960,active_hbi_4LDL,-9.99,ready
CHEMBL42356,active_hbi_4LDL,-10.31,ready
CHEMBL42356,active_bi167107_4LDE,-9.806,ready
CHEMBL12844,inactive_carazolol_2RH1,-9.402,ready
CHEMBL12844,inactive_carazolol_5D5A,-10.13,ready
CHEMBL32740,inactive_carazolol_2RH1,-13.11,ready
CHEMBL12844,active_gs_complex_3SN6,-8.523,ready
CHEMBL32740,inactive_carazolol_5D5A,-11.43,ready
CHEMBL12844,active_bi167107_4LDE,-10.06,ready
CHEMBL12844,active_hbi_4LDL,-10.11,ready
CHEMBL32740,active_gs_complex_3SN6,-11.07,ready
CHEMBL32740,active_hbi_4LDL,-11.08,ready
CHEMBL32740,active_bi167107_4LDE,-11.01,ready
CHEMBL15286,inactive_carazolol_2RH1,-10.1,ready
CHEMBL38634,inactive_carazolol_2RH1,-9.936,ready
CHEMBL38634,inactive_carazolol_5D5A,-9.892,ready
CHEMBL15286,inactive_carazolol_5D5A,-10.53,ready
CHEMBL38634,active_gs_complex_3SN6,-8.847,ready
CHEMBL38634,active_hbi_4LDL,-9.856,ready
CHEMBL17774,inactive_carazolol_5D5A,-10.19,ready
CHEMBL38634,active_bi167107_4LDE,-9.78,ready
CHEMBL17774,inactive_carazolol_2RH1,-10.07,ready
CHEMBL17774,active_gs_complex_3SN6,-9.541,ready
CHEMBL15286,active_gs_complex_3SN6,-9.759,ready
CHEMBL17774,active_bi167107_4LDE,-10.05,ready
CHEMBL15286,active_bi167107_4LDE,-10.08,ready
CHEMBL15286,active_hbi_4LDL,-10.69,ready
CHEMBL4436565,inactive_carazolol_2RH1,-10.72,ready
CHEMBL17774,active_hbi_4LDL,-10.45,ready
CHEMBL14237,inactive_carazolol_2RH1,-12.01,ready
CHEMBL4436565,inactive_carazolol_5D5A,-12.11,ready
CHEMBL14237,inactive_carazolol_5D5A,-12.12,ready
CHEMBL4436565,active_gs_complex_3SN6,-9.968,ready
CHEMBL14237,active_gs_complex_3SN6,-10.07,ready
CHEMBL14237,active_bi167107_4LDE,-8.007,ready
CHEMBL4436565,active_hbi_4LDL,-11.33,ready
CHEMBL14237,active_hbi_4LDL,-8.986,ready
CHEMBL4436565,active_bi167107_4LDE,-11.86,ready
CHEMBL27032,inactive_carazolol_2RH1,-9.889,ready
CHEMBL27032,inactive_carazolol_5D5A,-9.762,ready
CHEMBL27032,active_gs_complex_3SN6,-9.429,ready
CHEMBL17020,inactive_carazolol_5D5A,-10.28,ready
CHEMBL27032,active_bi167107_4LDE,-10.23,ready
CHEMBL429,inactive_carazolol_2RH1,-9.062,ready
CHEMBL429,active_gs_complex_3SN6,-9.39,ready
CHEMBL17020,inactive_carazolol_2RH1,-10.48,ready
CHEMBL17020,active_gs_complex_3SN6,-9.886,ready
CHEMBL429,inactive_carazolol_5D5A,-9.532,ready
CHEMBL17020,active_hbi_4LDL,-10.31,ready
CHEMBL429,active_bi167107_4LDE,-10.13,ready
CHEMBL27032,active_hbi_4LDL,-10.12,ready
CHEMBL17020,active_bi167107_4LDE,-10.17,ready
CHEMBL429,active_hbi_4LDL,-10.3,ready
CHEMBL37233,inactive_carazolol_2RH1,-9.842,ready
CHEMBL37233,inactive_carazolol_5D5A,-9.954,ready
CHEMBL4436160,inactive_carazolol_2RH1,-10.21,ready
CHEMBL4436160,inactive_carazolol_5D5A,-10.04,ready
CHEMBL4436160,active_gs_complex_3SN6,-9.119,ready
CHEMBL37233,active_gs_complex_3SN6,-9.277,ready
CHEMBL4436160,active_bi167107_4LDE,-10.03,ready
CHEMBL4436160,active_hbi_4LDL,-10.11,ready
CHEMBL37233,active_bi167107_4LDE,-9.968,ready
CHEMBL37233,active_hbi_4LDL,-10.49,ready
CHEMBL28046,inactive_carazolol_2RH1,-9.322,ready
CHEMBL28046,inactive_carazolol_5D5A,-9.691,ready
CHEMBL36920,active_gs_complex_3SN6,-9.187,ready
CHEMBL36920,inactive_carazolol_5D5A,-9.804,ready
CHEMBL26393,inactive_carazolol_2RH1,-9.64,ready
CHEMBL26393,inactive_carazolol_5D5A,-9.591,ready
CHEMBL36920,inactive_carazolol_2RH1,-9.565,ready
CHEMBL36920,active_hbi_4LDL,-9.947,ready
CHEMBL36920,active_bi167107_4LDE,-9.836,ready
CHEMBL26393,active_gs_complex_3SN6,-9.467,ready
CHEMBL26393,active_bi167107_4LDE,-9.852,ready
CHEMBL28046,active_gs_complex_3SN6,-9.47,ready
CHEMBL26393,active_hbi_4LDL,-10.26,ready
CHEMBL28046,active_bi167107_4LDE,-10.04,ready
CHEMBL28046,active_hbi_4LDL,-9.96,ready
CHEMBL4436169,inactive_carazolol_5D5A,-9.618,ready
CHEMBL4436169,inactive_carazolol_2RH1,-9.933,ready
CHEMBL4436169,active_hbi_4LDL,-10.36,ready
CHEMBL4436169,active_gs_complex_3SN6,-9.214,ready
CHEMBL4436169,active_bi167107_4LDE,-10.08,ready
CHEMBL10317,inactive_carazolol_5D5A,-10.74,ready
CHEMBL3310377,inactive_carazolol_2RH1,-9.505,ready
CHEMBL10317,inactive_carazolol_2RH1,-10.93,ready
CHEMBL3310377,inactive_carazolol_5D5A,-9.575,ready
CHEMBL10317,active_gs_complex_3SN6,-10.13,ready
CHEMBL3310377,active_gs_complex_3SN6,-9.754,ready
CHEMBL10317,active_hbi_4LDL,-11.03,ready
CHEMBL3310377,active_bi167107_4LDE,-9.815,ready
CHEMBL3310377,active_hbi_4LDL,-10.28,ready
CHEMBL10317,active_bi167107_4LDE,-11.08,ready
CHEMBL25724,inactive_carazolol_2RH1,-9.788,ready
CHEMBL25724,active_bi167107_4LDE,-10.06,ready
CHEMBL25724,inactive_carazolol_5D5A,-8.567,ready
CHEMBL25724,active_gs_complex_3SN6,-9.454,ready
CHEMBL25724,active_hbi_4LDL,-10.31,ready
CHEMBL8647,inactive_carazolol_2RH1,-9.795,ready
CHEMBL42066,inactive_carazolol_2RH1,-10.03,ready
CHEMBL8647,active_gs_complex_3SN6,-9.715,ready
CHEMBL8647,inactive_carazolol_5D5A,-9.728,ready
CHEMBL42066,inactive_carazolol_5D5A,-10.15,ready
CHEMBL8647,active_bi167107_4LDE,-10.19,ready
CHEMBL8647,active_hbi_4LDL,-10.57,ready
CHEMBL4435391,inactive_carazolol_2RH1,-11.42,ready
CHEMBL4435391,inactive_carazolol_5D5A,-11.58,ready
CHEMBL42066,active_hbi_4LDL,-9.885,ready
CHEMBL42066,active_gs_complex_3SN6,-9.822,ready
CHEMBL4435391,active_gs_complex_3SN6,-10.36,ready
CHEMBL36586,inactive_carazolol_2RH1,-10.37,ready
CHEMBL42066,active_bi167107_4LDE,-9.865,ready
CHEMBL20203,inactive_carazolol_2RH1,-10.15,ready
CHEMBL4435391,active_bi167107_4LDE,-11.5,ready
CHEMBL20203,inactive_carazolol_5D5A,-10.18,ready
CHEMBL4435391,active_hbi_4LDL,-11.45,ready
CHEMBL36586,inactive_carazolol_5D5A,-10.11,ready
CHEMBL20203,active_gs_complex_3SN6,-7.657,ready
CHEMBL20203,active_bi167107_4LDE,-7.527,ready
CHEMBL36586,active_gs_complex_3SN6,-9.131,ready
CHEMBL20203,active_hbi_4LDL,-7.356,ready
CHEMBL36586,active_bi167107_4LDE,-10.15,ready
CHEMBL10815,inactive_carazolol_2RH1,-10.72,ready
CHEMBL36586,active_hbi_4LDL,-10.05,ready
CHEMBL10815,inactive_carazolol_5D5A,-9.95,ready
CHEMBL10815,active_gs_complex_3SN6,-8.769,ready
CHEMBL10815,active_bi167107_4LDE,-10.18,ready
CHEMBL10815,active_hbi_4LDL,-10.45,ready
CHEMBL776,inactive_carazolol_2RH1,-7.123,ready
CHEMBL776,inactive_carazolol_5D5A,-7.047,ready
CHEMBL22417,inactive_carazolol_2RH1,-11.28,ready
CHEMBL22417,inactive_carazolol_5D5A,-11.79,ready
CHEMBL22417,active_gs_complex_3SN6,-9.782,ready
CHEMBL776,active_gs_complex_3SN6,-6.803,ready
CHEMBL4434887,inactive_carazolol_2RH1,-11.21,ready
CHEMBL22417,active_hbi_4LDL,-9.757,ready
CHEMBL776,active_bi167107_4LDE,-7.329,ready
CHEMBL4434887,active_bi167107_4LDE,-11.48,ready
CHEMBL776,active_hbi_4LDL,-8.068,ready
CHEMBL22417,active_bi167107_4LDE,-9.809,ready
CHEMBL4434887,active_gs_complex_3SN6,-10.92,ready
CHEMBL4434887,inactive_carazolol_5D5A,-10.4,ready
CHEMBL4434887,active_hbi_4LDL,-11.1,ready
